otu,Pond 1,Pond 2,Pond 3,Pond 4,Pond 5,Pond 6
OTU1,441,1198,1672,1127,3146,1628
OTU2,176,574,96,1246,896,201
OTU3,106,1144,536,573,70,291
OTU4,20,278,102,343,987,774
OTU5,19,148,131,418,735,404
OTU6,24,145,113,107,861,535
OTU7,138,450,96,907,40,0
OTU8,50,205,145,323,494,255
OTU9,70,348,297,148,102,488
OTU10,85,334,176,405,287,141
OTU11,0,201,261,0,442,453
OTU12,7,32,63,5,537,693
OTU13,0,69,264,0,360,595
OTU14,1137,51,36,0,13,15
OTU15,13,151,109,135,638,205
OTU16,25,63,172,102,841,45
OTU17,22,104,109,207,628,159
OTU18,0,159,242,100,432,109
OTU19,157,252,125,213,82,196
OTU20,334,315,231,82,31,19
OTU21,0,68,175,32,459,251
OTU22,37,395,96,327,30,93
OTU23,46,0,928,0,0,0
OTU24,0,103,107,298,376,53
OTU25,91,316,126,184,67,143
OTU26,102,152,81,588,0,0
OTU27,57,186,122,190,199,128
OTU28,94,151,62,83,263,212
OTU29,39,299,24,477,11,12
OTU30,0,0,0,201,642,0
OTU31,3,40,21,95,170,510
OTU32,0,200,224,117,108,190
OTU33,0,66,29,204,472,57
OTU34,0,63,41,209,445,69
OTU35,0,47,28,136,536,79
OTU36,0,156,101,120,225,221
OTU37,116,388,0,277,0,0
OTU38,33,222,64,111,38,308
OTU39,0,76,72,189,344,95
OTU40,0,42,85,45,328,276
OTU41,29,239,103,121,36,242
OTU42,0,181,130,200,153,104
OTU43,160,109,40,27,0,430
OTU44,0,0,100,168,365,126
OTU45,524,123,7,79,25,0
OTU46,27,138,77,191,198,109
OTU47,0,0,0,81,632,15
OTU48,22,404,0,295,0,0
OTU49,0,4,17,34,657,6
OTU50,40,374,137,154,0,0
OTU51,0,67,0,103,527,0
OTU52,0,27,53,46,241,315
OTU53,0,31,7,136,468,37
OTU54,26,39,28,123,352,109
OTU55,6,57,46,83,241,241
OTU56,42,211,24,327,45,24
OTU57,0,115,262,90,82,113
OTU58,35,271,170,133,0,51
OTU59,55,217,68,249,0,59
OTU60,76,186,30,133,162,49
OTU61,0,33,23,63,454,58
OTU62,14,386,125,31,45,26
OTU63,4,491,5,123,0,0
OTU64,0,65,19,111,369,51
OTU65,0,158,108,140,142,60
OTU66,0,20,0,121,398,61
OTU67,60,268,91,61,20,91
OTU68,0,87,39,81,159,202
OTU69,40,85,0,118,258,59
OTU70,19,138,69,135,46,148
OTU71,57,137,0,170,101,87
OTU72,0,0,0,52,411,85
OTU73,40,147,40,255,45,17
OTU74,0,0,0,0,486,51
OTU75,0,42,31,36,234,193
OTU76,0,0,32,30,386,87
OTU77,0,168,51,0,47,266
OTU78,45,204,281,0,0,0
OTU79,0,36,39,62,346,46
OTU80,0,174,72,135,56,81
OTU81,69,193,66,55,32,90
OTU82,0,70,0,209,176,50
OTU83,56,174,113,67,56,35
OTU84,18,79,12,33,355,0
OTU85,124,108,205,30,0,22
OTU86,0,56,79,69,198,83
OTU87,0,0,0,92,391,0
OTU88,0,96,270,74,0,31
OTU89,18,73,29,0,201,147
OTU90,9,172,56,26,23,176
OTU91,0,57,38,40,219,108
OTU92,0,43,64,74,52,226
OTU93,17,78,41,191,43,86
OTU94,0,198,117,141,0,0
OTU95,53,65,73,113,9,142
OTU96,0,56,64,42,176,116
OTU97,0,74,58,48,207,66
OTU98,0,28,39,43,282,60
OTU99,0,36,66,0,142,207
OTU100,0,0,0,0,450,0
OTU101,0,0,427,22,0,0
OTU102,142,54,180,70,0,0
OTU103,0,89,50,83,106,116
OTU104,0,0,0,66,347,31
OTU105,0,0,37,66,138,194
OTU106,0,63,63,139,53,116
OTU107,0,279,48,105,0,0
OTU108,52,132,71,72,0,102
OTU109,0,45,67,16,234,67
OTU110,0,97,277,42,0,0
OTU111,0,40,0,375,0,0
OTU112,41,31,22,114,178,28
OTU113,0,112,266,35,0,0
OTU114,168,60,81,0,0,101
OTU115,0,104,41,93,64,97
OTU116,40,121,83,27,63,55
OTU117,30,199,0,158,0,0
OTU118,0,52,49,35,103,148
OTU119,16,36,43,291,0,0
OTU120,0,41,0,197,135,10
OTU121,43,115,98,74,19,27
OTU122,36,179,9,121,17,5
OTU123,17,158,130,45,17,0
OTU124,13,33,75,0,42,204
OTU125,68,127,26,133,11,0
OTU126,9,25,30,49,102,149
OTU127,16,144,142,30,14,17
OTU128,0,81,58,69,82,70
OTU129,47,124,98,0,0,89
OTU130,22,116,30,136,18,34
OTU131,0,36,0,0,296,17
OTU132,0,30,41,0,31,246
OTU133,0,21,90,66,134,36
OTU134,0,182,118,46,0,0
OTU135,0,51,33,71,42,148
OTU136,22,56,85,0,57,121
OTU137,0,55,114,0,50,121
OTU138,11,177,58,0,21,72
OTU139,0,37,50,50,147,53
OTU140,0,0,0,35,302,0
OTU141,18,109,50,79,8,72
OTU142,41,110,62,104,0,18
OTU143,0,0,0,58,256,20
OTU144,0,0,333,0,0,0
OTU145,0,0,0,36,296,0
OTU146,0,91,74,35,55,72
OTU147,10,250,18,42,0,0
OTU148,37,72,109,98,0,0
OTU149,0,120,40,0,70,80
OTU150,13,52,28,87,14,115
OTU151,40,125,44,52,0,46
OTU152,0,27,5,12,238,23
OTU153,0,0,10,71,209,15
OTU154,31,60,0,91,91,30
OTU155,0,28,0,273,0,0
OTU156,38,47,63,24,22,106
OTU157,181,0,0,92,26,0
OTU158,0,0,0,23,275,0
OTU159,27,0,0,47,128,92
OTU160,0,144,71,78,0,0
OTU161,0,128,54,32,0,79
OTU162,0,141,17,106,0,28
OTU163,0,14,0,86,192,0
OTU164,17,51,54,37,131,0
OTU165,0,0,0,81,169,38
OTU166,17,101,39,64,21,45
OTU167,234,52,0,0,0,0
OTU168,0,51,0,69,164,0
OTU169,0,41,52,97,54,37
OTU170,0,0,0,0,212,67
OTU171,0,83,39,62,37,57
OTU172,0,46,0,59,131,39
OTU173,21,0,39,68,64,81
OTU174,0,40,45,56,55,74
OTU175,20,45,112,41,34,16
OTU176,25,132,27,65,0,18
OTU177,0,41,46,47,95,38
OTU178,0,25,0,53,189,0
OTU179,205,0,17,0,43,0
OTU180,0,0,0,0,204,61
OTU181,21,58,15,9,12,149
OTU182,37,40,52,58,0,74
OTU183,0,52,0,23,0,186
OTU184,54,78,38,89,0,0
OTU185,23,53,30,63,0,88
OTU186,20,53,31,0,26,127
OTU187,0,16,9,24,85,122
OTU188,0,32,0,35,188,0
OTU189,0,42,0,212,0,0
OTU190,0,77,0,57,0,119
OTU191,0,0,0,62,191,0
OTU192,0,75,0,47,45,83
OTU193,0,98,81,70,0,0
OTU194,135,0,113,0,0,0
OTU195,0,93,0,155,0,0
OTU196,0,60,0,48,60,80
OTU197,0,50,61,39,40,56
OTU198,0,40,0,116,29,60
OTU199,0,109,34,0,0,100
OTU200,22,133,32,54,0,0
OTU201,33,108,25,38,16,19
OTU202,22,53,31,82,0,51
OTU203,0,31,86,47,20,52
OTU204,64,20,126,0,0,25
OTU205,13,51,34,46,30,61
OTU206,0,0,83,0,152,0
OTU207,85,0,149,0,0,0
OTU208,9,81,65,36,16,24
OTU209,0,83,20,68,0,60
OTU210,10,45,64,86,0,25
OTU211,6,17,17,63,127,0
OTU212,0,17,46,27,93,47
OTU213,0,46,0,57,98,27
OTU214,0,142,85,0,0,0
OTU215,0,47,82,18,34,45
OTU216,38,66,47,48,26,0
OTU217,25,63,13,62,16,46
OTU218,0,12,92,0,24,97
OTU219,33,82,52,24,0,32
OTU220,2,26,73,33,53,33
OTU221,0,39,0,29,151,0
OTU222,26,87,55,21,0,29
OTU223,34,0,183,0,0,0
OTU224,6,55,0,140,16,0
OTU225,193,23,0,0,0,0
OTU226,0,30,24,84,22,55
OTU227,0,0,61,27,111,16
OTU228,0,25,25,55,109,0
OTU229,0,6,208,0,0,0
OTU230,16,95,40,41,0,21
OTU231,0,25,3,32,151,0
OTU232,35,40,0,38,22,75
OTU233,38,115,15,31,10,0
OTU234,28,29,31,97,0,23
OTU235,0,29,0,69,66,44
OTU236,0,0,0,38,155,15
OTU237,0,0,0,33,175,0
OTU238,12,114,22,0,26,33
OTU239,0,95,0,112,0,0
OTU240,0,35,60,12,41,59
OTU241,17,116,34,12,7,20
OTU242,9,48,38,29,82,0
OTU243,0,60,23,82,4,36
OTU244,0,71,79,34,0,20
OTU245,10,137,27,13,8,8
OTU246,0,41,15,71,0,76
OTU247,4,195,0,2,0,0
OTU248,24,48,24,80,0,24
OTU249,30,87,37,23,0,22
OTU250,0,26,0,0,173,0
OTU251,198,0,0,0,0,0
OTU252,11,17,0,49,121,0
OTU253,0,75,0,0,63,59
OTU254,0,0,0,0,128,69
OTU255,10,26,21,45,43,51
OTU256,0,119,0,76,0,0
OTU257,0,116,22,35,7,14
OTU258,20,52,0,121,0,0
OTU259,18,80,40,26,14,14
OTU260,0,71,26,0,0,95
OTU261,0,46,0,145,0,0
OTU262,0,0,33,0,106,51
OTU263,13,41,12,23,58,42
OTU264,188,0,0,0,0,0
OTU265,0,110,0,77,0,0
OTU266,0,56,65,49,10,7
OTU267,18,39,20,36,21,52
OTU268,14,99,0,73,0,0
OTU269,0,169,17,0,0,0
OTU270,0,77,0,63,0,46
OTU271,0,0,0,76,110,0
OTU272,3,47,13,51,10,61
OTU273,126,33,0,25,0,0
OTU274,0,34,51,21,0,78
OTU275,0,0,44,0,140,0
OTU276,0,0,33,44,77,30
OTU277,6,31,14,26,10,96
OTU278,95,41,33,8,0,5
OTU279,25,64,65,28,0,0
OTU280,0,39,0,47,33,63
OTU281,0,12,17,26,110,17
OTU282,0,52,88,30,11,0
OTU283,0,30,0,62,55,33
OTU284,30,42,83,0,0,24
OTU285,0,26,50,22,0,81
OTU286,0,15,0,13,109,41
OTU287,0,0,62,25,74,17
OTU288,47,33,20,51,25,0
OTU289,0,33,29,56,21,37
OTU290,0,16,29,0,73,57
OTU291,0,0,9,26,140,0
OTU292,0,88,52,34,0,0
OTU293,0,58,46,25,0,45
OTU294,0,0,75,0,40,59
OTU295,0,0,0,45,85,44
OTU296,0,31,39,0,0,103
OTU297,0,8,35,36,64,29
OTU298,0,0,0,0,171,0
OTU299,0,0,13,21,136,0
OTU300,36,60,0,73,0,0
OTU301,0,130,0,31,0,8
OTU302,0,19,15,30,105,0
OTU303,16,36,60,30,26,0
OTU304,0,0,0,77,0,91
OTU305,0,54,25,40,0,48
OTU306,0,49,0,48,0,70
OTU307,16,64,29,39,6,11
OTU308,0,47,54,0,64,0
OTU309,0,0,63,43,59,0
OTU310,0,0,0,99,66,0
OTU311,0,28,16,120,0,0
OTU312,0,0,0,0,160,4
OTU313,0,0,0,0,109,55
OTU314,0,0,0,0,18,146
OTU315,0,41,38,49,0,35
OTU316,0,29,41,58,20,15
OTU317,0,0,8,0,155,0
OTU318,19,20,26,22,22,53
OTU319,0,0,0,0,117,45
OTU320,42,39,0,0,0,80
OTU321,28,0,59,4,48,22
OTU322,0,71,90,0,0,0
OTU323,0,41,14,105,0,0
OTU324,38,59,28,0,0,34
OTU325,20,58,25,55,0,0
OTU326,0,81,52,25,0,0
OTU327,0,67,27,0,0,64
OTU328,0,29,39,21,31,38
OTU329,0,0,37,64,22,35
OTU330,0,0,8,21,66,63
OTU331,0,34,25,82,0,16
OTU332,0,42,0,114,0,0
OTU333,18,31,25,0,0,81
OTU334,0,13,8,21,113,0
OTU335,15,42,65,10,13,9
OTU336,15,86,32,21,0,0
OTU337,0,135,19,0,0,0
OTU338,0,66,32,0,25,31
OTU339,0,52,63,0,31,8
OTU340,0,22,0,0,116,16
OTU341,0,16,11,27,47,53
OTU342,0,14,0,15,123,0
OTU343,0,13,32,35,42,30
OTU344,0,0,9,0,23,120
OTU345,0,11,0,43,65,30
OTU346,7,29,0,26,19,67
OTU347,0,21,30,0,52,45
OTU348,109,20,7,11,0,0
OTU349,32,67,0,29,0,19
OTU350,0,58,0,89,0,0
OTU351,0,45,0,57,23,21
OTU352,0,0,146,0,0,0
OTU353,0,4,3,0,129,9
OTU354,0,0,18,0,18,109
OTU355,0,144,0,0,0,0
OTU356,0,16,48,25,18,37
OTU357,0,143,0,0,0,0
OTU358,0,15,29,26,12,60
OTU359,0,70,70,0,0,0
OTU360,0,0,41,35,31,33
OTU361,0,0,0,19,121,0
OTU362,0,32,34,0,39,34
OTU363,0,0,97,20,22,0
OTU364,12,41,24,53,0,8
OTU365,14,18,9,65,0,31
OTU366,0,75,0,55,7,0
OTU367,0,46,0,91,0,0
OTU368,35,71,23,7,0,0
OTU369,0,24,33,12,37,30
OTU370,0,0,25,33,78,0
OTU371,0,21,0,18,54,42
OTU372,0,23,0,31,33,47
OTU373,0,0,69,0,0,65
OTU374,0,0,0,0,134,0
OTU375,12,58,51,4,8,0
OTU376,0,0,133,0,0,0
OTU377,0,0,12,12,78,31
OTU378,31,24,17,15,0,45
OTU379,0,12,0,0,22,98
OTU380,47,0,0,0,84,0
OTU381,0,24,0,0,43,64
OTU382,0,0,44,0,87,0
OTU383,0,0,0,50,47,34
OTU384,61,0,69,0,0,0
OTU385,0,46,38,46,0,0
OTU386,0,22,0,32,64,12
OTU387,0,12,0,22,96,0
OTU388,129,0,0,0,0,0
OTU389,0,55,36,0,0,38
OTU390,0,32,16,42,10,29
OTU391,0,0,0,62,0,67
OTU392,28,57,0,0,0,43
OTU393,0,0,0,71,46,11
OTU394,21,58,0,48,0,0
OTU395,0,0,22,0,105,0
OTU396,0,0,0,0,127,0
OTU397,0,0,0,0,127,0
OTU398,0,0,0,126,0,0
OTU399,0,0,0,0,99,27
OTU400,0,21,0,11,34,59
OTU401,5,8,85,22,4,0
OTU402,0,0,39,0,85,0
OTU403,46,20,37,6,8,6
OTU404,15,24,0,84,0,0
OTU405,13,45,22,43,0,0
OTU406,8,15,52,26,0,22
OTU407,0,123,0,0,0,0
OTU408,0,27,0,0,74,21
OTU409,0,0,9,0,0,113
OTU410,0,19,23,24,0,55
OTU411,0,0,0,10,111,0
OTU412,0,0,0,5,109,7
OTU413,34,52,31,3,0,0
OTU414,32,88,0,0,0,0
OTU415,0,81,39,0,0,0
OTU416,0,41,23,24,9,23
OTU417,0,17,8,20,61,14
OTU418,24,27,26,34,8,0
OTU419,0,34,24,0,0,61
OTU420,0,16,4,28,15,56
OTU421,0,10,0,52,26,31
OTU422,17,9,71,21,0,0
OTU423,0,118,0,0,0,0
OTU424,0,70,0,48,0,0
OTU425,0,26,11,59,0,22
OTU426,0,63,0,54,0,0
OTU427,0,42,35,0,40,0
OTU428,0,17,0,13,73,14
OTU429,18,32,0,31,10,25
OTU430,10,0,26,37,0,43
OTU431,0,17,0,99,0,0
OTU432,0,0,32,0,84,0
OTU433,0,0,19,7,28,62
OTU434,0,47,43,25,0,0
OTU435,0,15,26,0,0,74
OTU436,44,58,12,0,0,0
OTU437,38,76,0,0,0,0
OTU438,29,0,68,17,0,0
OTU439,0,30,12,50,0,22
OTU440,0,0,0,42,0,72
OTU441,0,113,0,0,0,0
OTU442,0,65,0,48,0,0
OTU443,0,30,21,13,38,11
OTU444,0,0,78,35,0,0
OTU445,0,0,8,43,19,43
OTU446,0,0,0,33,80,0
OTU447,9,45,0,27,0,31
OTU448,0,24,20,14,20,34
OTU449,111,0,0,0,0,0
OTU450,5,0,0,0,10,96
OTU451,0,110,0,0,0,0
OTU452,0,31,0,28,0,51
OTU453,0,16,36,0,28,30
OTU454,0,0,17,16,77,0
OTU455,0,0,0,0,0,110
OTU456,0,36,12,38,9,14
OTU457,0,0,0,0,0,109
OTU458,7,93,8,0,0,0
OTU459,0,51,57,0,0,0
OTU460,0,41,0,16,17,34
OTU461,0,0,0,0,26,82
OTU462,0,68,0,39,0,0
OTU463,0,0,38,0,25,44
OTU464,0,0,0,0,52,55
OTU465,47,36,0,0,0,23
OTU466,9,60,0,17,0,20
OTU467,0,26,41,39,0,0
OTU468,0,18,0,19,38,31
OTU469,0,15,0,20,39,32
OTU470,0,0,0,0,50,56
OTU471,0,6,19,25,55,0
OTU472,0,0,0,0,77,28
OTU473,15,0,0,89,0,0
OTU474,0,48,0,56,0,0
OTU475,0,20,9,28,34,13
OTU476,12,54,8,29,0,0
OTU477,0,56,0,47,0,0
OTU478,0,0,25,0,43,35
OTU479,0,0,20,14,42,27
OTU480,85,10,0,7,0,0
OTU481,44,0,0,0,0,58
OTU482,43,18,0,22,0,19
OTU483,23,79,0,0,0,0
OTU484,5,35,13,25,0,24
OTU485,0,48,0,54,0,0
OTU486,0,0,16,0,52,34
OTU487,0,0,0,30,72,0
OTU488,0,0,0,0,102,0
OTU489,51,11,39,0,0,0
OTU490,0,31,22,23,8,17
OTU491,0,0,30,0,71,0
OTU492,0,0,0,16,85,0
OTU493,0,0,0,0,0,101
OTU494,0,72,17,5,6,0
OTU495,0,63,0,37,0,0
OTU496,99,0,0,0,0,0
OTU497,13,19,39,8,8,12
OTU498,0,99,0,0,0,0
OTU499,0,0,99,0,0,0
OTU500,0,0,0,0,99,0
OTU501,21,0,0,19,0,58
OTU502,4,10,6,5,5,68
OTU503,0,13,0,76,0,9
OTU504,30,67,0,0,0,0
OTU505,8,21,0,47,0,21
OTU506,7,48,0,42,0,0
OTU507,7,45,45,0,0,0
OTU508,0,19,0,36,28,14
OTU509,0,17,0,10,37,33
OTU510,30,32,0,34,0,0
OTU511,0,61,0,0,35,0
OTU512,0,55,0,41,0,0
OTU513,0,28,0,38,0,30
OTU514,0,10,64,0,22,0
OTU515,0,0,0,43,53,0
OTU516,0,0,0,0,91,5
OTU517,0,0,0,0,0,96
OTU518,37,0,37,21,0,0
OTU519,5,0,0,8,35,47
OTU520,0,17,0,20,58,0
OTU521,0,0,0,95,0,0
OTU522,0,0,0,4,91,0
OTU523,0,0,0,0,91,4
OTU524,24,19,11,24,16,0
OTU525,0,35,50,0,9,0
OTU526,0,28,45,0,21,0
OTU527,0,17,12,0,48,17
OTU528,0,16,7,31,40,0
OTU529,0,0,0,94,0,0
OTU530,0,0,0,34,60,0
OTU531,0,0,0,21,49,24
OTU532,15,48,9,0,11,10
OTU533,0,38,0,34,0,21
OTU534,0,24,0,0,27,42
OTU535,0,0,0,0,42,51
OTU536,6,59,27,0,0,0
OTU537,0,92,0,0,0,0
OTU538,0,0,0,0,92,0
OTU539,75,0,0,0,0,16
OTU540,20,56,0,0,7,8
OTU541,0,14,16,22,10,29
OTU542,0,0,32,31,15,13
OTU543,0,0,0,31,60,0
OTU544,0,0,0,25,66,0
OTU545,27,34,4,25,0,0
OTU546,0,35,0,55,0,0
OTU547,0,0,90,0,0,0
OTU548,0,0,53,0,0,37
OTU549,0,0,35,0,55,0
OTU550,0,0,0,0,90,0
OTU551,31,24,24,0,0,10
OTU552,21,43,25,0,0,0
OTU553,0,45,0,0,0,44
OTU554,0,25,0,39,25,0
OTU555,0,0,7,6,42,34
OTU556,7,11,15,13,7,35
OTU557,0,16,0,21,32,19
OTU558,0,0,68,0,12,8
OTU559,0,0,0,88,0,0
OTU560,0,32,21,0,0,34
OTU561,0,22,13,41,0,11
OTU562,0,0,33,0,0,54
OTU563,0,0,8,6,16,57
OTU564,0,0,0,87,0,0
OTU565,0,0,0,0,35,52
OTU566,0,47,25,14,0,0
OTU567,0,36,16,34,0,0
OTU568,0,0,56,0,0,30
OTU569,0,0,25,0,0,61
OTU570,0,0,0,26,25,35
OTU571,0,0,0,0,86,0
OTU572,0,0,0,0,86,0
OTU573,0,17,56,12,0,0
OTU574,0,14,0,29,42,0
OTU575,0,0,12,8,65,0
OTU576,0,0,9,7,18,51
OTU577,0,0,0,0,85,0
OTU578,6,16,5,49,0,8
OTU579,0,32,0,0,0,52
OTU580,0,0,18,23,43,0
OTU581,83,0,0,0,0,0
OTU582,9,0,0,37,10,27
OTU583,0,29,16,29,0,9
OTU584,0,0,20,15,21,27
OTU585,0,35,0,0,0,47
OTU586,0,19,31,0,32,0
OTU587,15,25,5,19,3,14
OTU588,0,12,42,6,21,0
OTU589,0,0,81,0,0,0
OTU590,0,0,19,8,23,31
OTU591,80,0,0,0,0,0
OTU592,6,59,15,0,0,0
OTU593,0,35,28,17,0,0
OTU594,0,28,0,36,16,0
OTU595,0,0,0,37,43,0
OTU596,0,45,0,34,0,0
OTU597,0,44,0,35,0,0
OTU598,0,22,0,57,0,0
OTU599,0,0,0,79,0,0
OTU600,0,0,0,79,0,0
OTU601,0,0,0,0,0,79
OTU602,16,39,0,23,0,0
OTU603,8,32,0,38,0,0
OTU604,0,38,40,0,0,0
OTU605,0,37,25,16,0,0
OTU606,0,35,0,43,0,0
OTU607,0,25,0,53,0,0
OTU608,0,0,78,0,0,0
OTU609,0,0,0,27,17,34
OTU610,0,0,0,0,55,23
OTU611,0,0,0,0,20,58
OTU612,0,0,0,0,0,78
OTU613,17,42,0,18,0,0
OTU614,0,52,0,13,12,0
OTU615,0,23,16,0,0,38
OTU616,0,0,77,0,0,0
OTU617,0,0,20,0,17,40
OTU618,0,0,0,0,77,0
OTU619,33,0,43,0,0,0
OTU620,0,24,0,52,0,0
OTU621,0,20,11,0,0,45
OTU622,0,10,7,11,26,22
OTU623,0,0,0,28,48,0
OTU624,23,0,0,0,0,52
OTU625,0,0,0,27,48,0
OTU626,0,0,0,9,0,66
OTU627,0,0,0,0,47,28
OTU628,13,35,14,12,0,0
OTU629,11,26,20,17,0,0
OTU630,8,41,11,14,0,0
OTU631,0,48,26,0,0,0
OTU632,0,17,0,57,0,0
OTU633,0,11,15,0,20,28
OTU634,0,0,0,23,51,0
OTU635,0,0,0,7,57,10
OTU636,0,0,0,0,39,35
OTU637,7,21,7,27,11,0
OTU638,0,43,0,17,0,13
OTU639,0,0,0,37,36,0
OTU640,0,0,0,0,42,31
OTU641,0,0,0,0,0,73
OTU642,72,0,0,0,0,0
OTU643,72,0,0,0,0,0
OTU644,22,50,0,0,0,0
OTU645,0,72,0,0,0,0
OTU646,0,24,0,48,0,0
OTU647,0,0,0,32,31,9
OTU648,7,30,6,28,0,0
OTU649,0,29,20,0,10,12
OTU650,0,20,0,46,0,5
OTU651,0,12,30,7,0,22
OTU652,0,0,48,0,9,14
OTU653,0,0,13,0,26,32
OTU654,0,0,0,19,23,29
OTU655,0,0,0,0,71,0
OTU656,0,70,0,0,0,0
OTU657,0,47,0,23,0,0
OTU658,0,40,0,30,0,0
OTU659,0,36,0,0,12,22
OTU660,0,0,70,0,0,0
OTU661,0,0,0,4,66,0
OTU662,0,0,0,0,70,0
OTU663,0,0,0,0,25,45
OTU664,0,0,0,0,0,70
OTU665,0,69,0,0,0,0
OTU666,0,28,0,34,7,0
OTU667,0,19,17,0,12,21
OTU668,0,10,27,0,0,32
OTU669,0,0,0,0,0,69
OTU670,54,0,0,0,0,14
OTU671,18,25,0,25,0,0
OTU672,16,52,0,0,0,0
OTU673,0,38,16,0,0,14
OTU674,0,14,18,17,11,8
OTU675,0,0,0,0,0,68
OTU676,10,0,24,21,0,12
OTU677,5,11,0,19,6,26
OTU678,0,61,6,0,0,0
OTU679,0,29,0,38,0,0
OTU680,0,14,15,0,17,21
OTU681,0,12,0,24,31,0
OTU682,0,10,0,57,0,0
OTU683,0,0,32,20,15,0
OTU684,0,0,28,0,0,39
OTU685,0,0,19,0,48,0
OTU686,0,0,0,67,0,0
OTU687,0,0,0,67,0,0
OTU688,0,0,0,46,0,21
OTU689,0,0,0,15,52,0
OTU690,0,0,0,0,67,0
OTU691,32,21,0,13,0,0
OTU692,22,0,0,0,44,0
OTU693,12,22,24,0,8,0
OTU694,11,30,25,0,0,0
OTU695,2,10,4,10,20,20
OTU696,0,66,0,0,0,0
OTU697,0,45,21,0,0,0
OTU698,0,36,0,0,0,30
OTU699,0,36,30,0,0,0
OTU700,0,32,0,34,0,0
OTU701,0,32,34,0,0,0
OTU702,0,22,0,44,0,0
OTU703,0,19,0,24,0,23
OTU704,0,0,3,4,41,18
OTU705,0,0,0,0,66,0
OTU706,0,0,0,0,31,35
OTU707,65,0,0,0,0,0
OTU708,16,18,31,0,0,0
OTU709,6,0,0,0,45,14
OTU710,0,29,0,0,0,36
OTU711,0,25,40,0,0,0
OTU712,0,17,0,12,21,15
OTU713,0,17,39,9,0,0
OTU714,0,9,29,16,11,0
OTU715,0,0,0,0,65,0
OTU716,0,0,0,0,65,0
OTU717,0,46,0,18,0,0
OTU718,0,41,0,23,0,0
OTU719,0,9,5,20,9,21
OTU720,0,0,64,0,0,0
OTU721,0,0,27,17,20,0
OTU722,0,0,0,20,44,0
OTU723,0,0,0,0,64,0
OTU724,0,0,0,0,36,28
OTU725,0,0,0,0,0,64
OTU726,14,12,0,13,0,24
OTU727,0,63,0,0,0,0
OTU728,0,52,0,0,11,0
OTU729,0,43,0,9,0,11
OTU730,0,30,33,0,0,0
OTU731,0,0,49,0,0,14
OTU732,0,0,0,15,22,26
OTU733,0,0,0,0,63,0
OTU734,0,0,0,0,63,0
OTU735,0,0,0,0,63,0
OTU736,0,0,0,0,63,0
OTU737,0,0,0,0,63,0
OTU738,0,0,0,0,0,63
OTU739,8,54,0,0,0,0
OTU740,0,9,0,53,0,0
OTU741,0,0,29,33,0,0
OTU742,0,0,28,0,0,34
OTU743,0,0,0,0,62,0
OTU744,35,0,26,0,0,0
OTU745,0,61,0,0,0,0
OTU746,0,33,0,28,0,0
OTU747,0,22,22,0,8,9
OTU748,0,0,0,20,29,12
OTU749,0,0,0,11,50,0
OTU750,0,0,0,0,61,0
OTU751,0,0,0,0,44,17
OTU752,0,0,0,0,34,27
OTU753,10,0,50,0,0,0
OTU754,0,21,0,39,0,0
OTU755,0,19,8,0,33,0
OTU756,0,7,0,0,0,53
OTU757,0,0,6,0,23,31
OTU758,0,0,0,0,60,0
OTU759,0,0,0,0,60,0
OTU760,46,13,0,0,0,0
OTU761,0,59,0,0,0,0
OTU762,0,37,0,0,0,22
OTU763,0,18,0,41,0,0
OTU764,0,0,23,0,36,0
OTU765,0,0,0,17,42,0
OTU766,0,0,0,16,30,13
OTU767,0,0,0,11,48,0
OTU768,0,0,0,0,0,59
OTU769,58,0,0,0,0,0
OTU770,10,19,8,21,0,0
OTU771,7,16,21,0,0,14
OTU772,0,58,0,0,0,0
OTU773,0,40,0,18,0,0
OTU774,0,16,0,0,0,42
OTU775,0,13,0,0,12,33
OTU776,0,9,0,16,26,7
OTU777,0,7,0,11,34,6
OTU778,0,4,23,31,0,0
OTU779,0,0,58,0,0,0
OTU780,0,0,27,0,31,0
OTU781,0,0,18,0,0,40
OTU782,0,0,6,40,0,12
OTU783,0,0,0,35,0,23
OTU784,0,0,0,0,58,0
OTU785,0,0,0,0,58,0
OTU786,0,0,0,0,58,0
OTU787,0,57,0,0,0,0
OTU788,0,36,0,21,0,0
OTU789,0,30,0,27,0,0
OTU790,0,30,0,27,0,0
OTU791,0,29,0,28,0,0
OTU792,0,11,0,0,29,17
OTU793,0,0,57,0,0,0
OTU794,0,0,57,0,0,0
OTU795,0,0,28,0,0,29
OTU796,0,0,27,0,30,0
OTU797,0,0,21,13,4,19
OTU798,0,0,7,13,37,0
OTU799,0,0,0,0,0,57
OTU800,0,56,0,0,0,0
OTU801,0,0,0,0,56,0
OTU802,0,0,0,0,56,0
OTU803,0,0,0,0,48,8
OTU804,0,0,0,0,0,56
OTU805,16,0,39,0,0,0
OTU806,0,34,21,0,0,0
OTU807,0,31,0,0,0,24
OTU808,0,23,15,17,0,0
OTU809,0,17,38,0,0,0
OTU810,0,15,5,7,0,28
OTU811,0,12,27,0,16,0
OTU812,0,0,36,0,0,19
OTU813,0,0,23,0,11,21
OTU814,0,0,8,0,13,34
OTU815,0,0,0,28,0,27
OTU816,0,0,0,20,35,0
OTU817,0,0,0,14,22,19
OTU818,0,0,0,0,55,0
OTU819,0,0,0,0,55,0
OTU820,0,0,0,0,41,14
OTU821,7,14,2,0,23,8
OTU822,0,54,0,0,0,0
OTU823,0,20,0,34,0,0
OTU824,0,8,0,36,10,0
OTU825,0,0,54,0,0,0
OTU826,0,0,20,0,34,0
OTU827,0,0,0,54,0,0
OTU828,0,0,0,23,31,0
OTU829,13,0,0,30,0,10
OTU830,8,0,21,0,0,24
OTU831,4,24,0,5,20,0
OTU832,0,53,0,0,0,0
OTU833,0,34,0,19,0,0
OTU834,0,27,26,0,0,0
OTU835,0,18,0,22,13,0
OTU836,0,12,11,0,30,0
OTU837,0,0,53,0,0,0
OTU838,0,0,11,0,42,0
OTU839,0,0,0,16,37,0
OTU840,0,0,0,0,53,0
OTU841,0,0,0,0,53,0
OTU842,0,0,0,0,33,20
OTU843,0,0,0,0,19,34
OTU844,0,0,0,0,0,53
OTU845,25,0,0,0,0,27
OTU846,0,52,0,0,0,0
OTU847,0,39,0,0,0,13
OTU848,0,19,0,33,0,0
OTU849,0,14,25,0,0,13
OTU850,0,0,52,0,0,0
OTU851,0,0,52,0,0,0
OTU852,0,0,5,6,41,0
OTU853,0,0,0,52,0,0
OTU854,0,0,0,52,0,0
OTU855,0,0,0,18,9,25
OTU856,0,0,0,17,14,21
OTU857,0,0,0,0,52,0
OTU858,0,0,0,0,52,0
OTU859,0,0,0,0,21,31
OTU860,5,8,32,6,0,0
OTU861,3,18,10,0,0,20
OTU862,0,35,16,0,0,0
OTU863,0,21,30,0,0,0
OTU864,0,12,4,5,23,7
OTU865,0,0,11,9,20,11
OTU866,0,0,0,51,0,0
OTU867,0,0,0,0,51,0
OTU868,0,0,0,0,10,41
OTU869,29,0,21,0,0,0
OTU870,19,31,0,0,0,0
OTU871,14,19,17,0,0,0
OTU872,8,16,16,10,0,0
OTU873,4,7,36,0,0,3
OTU874,0,50,0,0,0,0
OTU875,0,27,23,0,0,0
OTU876,0,24,4,22,0,0
OTU877,0,12,0,38,0,0
OTU878,0,0,24,16,0,10
OTU879,0,0,0,11,39,0
OTU880,0,0,0,0,25,25
OTU881,19,0,0,30,0,0
OTU882,14,20,15,0,0,0
OTU883,0,49,0,0,0,0
OTU884,0,49,0,0,0,0
OTU885,0,49,0,0,0,0
OTU886,0,32,0,8,0,9
OTU887,0,24,0,25,0,0
OTU888,0,20,0,29,0,0
OTU889,0,16,0,20,0,13
OTU890,0,7,9,0,0,33
OTU891,0,4,5,0,40,0
OTU892,0,0,49,0,0,0
OTU893,0,0,32,0,17,0
OTU894,0,0,0,49,0,0
OTU895,0,0,0,26,23,0
OTU896,0,0,0,26,23,0
OTU897,0,0,0,21,28,0
OTU898,0,0,0,0,49,0
OTU899,0,0,0,0,49,0
OTU900,0,0,0,0,49,0
OTU901,0,0,0,0,0,49
OTU902,0,0,0,0,0,49
OTU903,6,42,0,0,0,0
OTU904,0,29,0,19,0,0
OTU905,0,19,11,11,0,7
OTU906,0,0,48,0,0,0
OTU907,0,0,21,0,0,27
OTU908,16,16,0,15,0,0
OTU909,13,0,34,0,0,0
OTU910,0,47,0,0,0,0
OTU911,0,22,16,9,0,0
OTU912,0,18,0,0,29,0
OTU913,0,0,34,0,13,0
OTU914,0,0,0,47,0,0
OTU915,0,0,0,47,0,0
OTU916,0,0,0,47,0,0
OTU917,0,0,0,24,23,0
OTU918,0,0,0,12,0,35
OTU919,0,0,0,0,47,0
OTU920,0,0,0,0,24,23
OTU921,0,0,0,0,0,47
OTU922,0,0,0,0,0,47
OTU923,19,27,0,0,0,0
OTU924,0,34,0,0,0,12
OTU925,0,12,0,21,0,13
OTU926,0,0,46,0,0,0
OTU927,0,0,10,12,0,24
OTU928,0,0,0,46,0,0
OTU929,0,0,0,13,0,33
OTU930,0,0,0,8,38,0
OTU931,0,0,0,0,46,0
OTU932,45,0,0,0,0,0
OTU933,45,0,0,0,0,0
OTU934,14,10,0,21,0,0
OTU935,11,20,14,0,0,0
OTU936,8,37,0,0,0,0
OTU937,0,45,0,0,0,0
OTU938,0,26,0,19,0,0
OTU939,0,21,0,24,0,0
OTU940,0,12,11,17,0,5
OTU941,0,12,0,0,0,33
OTU942,0,11,0,34,0,0
OTU943,0,9,0,36,0,0
OTU944,0,0,45,0,0,0
OTU945,0,0,45,0,0,0
OTU946,0,0,45,0,0,0
OTU947,0,0,0,45,0,0
OTU948,0,0,0,36,0,9
OTU949,0,0,0,23,22,0
OTU950,0,0,0,0,45,0
OTU951,0,44,0,0,0,0
OTU952,0,44,0,0,0,0
OTU953,0,23,21,0,0,0
OTU954,0,23,0,0,0,21
OTU955,0,15,9,0,20,0
OTU956,0,0,28,0,0,16
OTU957,0,0,9,21,0,14
OTU958,0,0,0,6,38,0
OTU959,0,0,0,0,44,0
OTU960,0,0,0,0,29,15
OTU961,0,0,0,0,0,44
OTU962,15,0,28,0,0,0
OTU963,0,26,0,0,0,17
OTU964,0,22,21,0,0,0
OTU965,0,18,0,15,0,10
OTU966,0,12,0,0,31,0
OTU967,0,9,21,10,0,3
OTU968,0,0,43,0,0,0
OTU969,0,0,43,0,0,0
OTU970,0,0,17,0,0,26
OTU971,0,0,5,0,16,22
OTU972,0,0,0,0,43,0
OTU973,0,42,0,0,0,0
OTU974,0,42,0,0,0,0
OTU975,0,33,0,9,0,0
OTU976,0,23,19,0,0,0
OTU977,0,19,0,13,0,10
OTU978,0,0,17,0,0,25
OTU979,0,0,9,0,0,33
OTU980,0,0,0,42,0,0
OTU981,0,0,0,13,29,0
OTU982,0,0,0,11,31,0
OTU983,0,0,0,11,31,0
OTU984,0,0,0,0,12,30
OTU985,28,13,0,0,0,0
OTU986,3,6,9,0,0,23
OTU987,0,41,0,0,0,0
OTU988,0,41,0,0,0,0
OTU989,0,0,10,0,15,16
OTU990,0,0,0,41,0,0
OTU991,0,0,0,41,0,0
OTU992,0,0,0,0,28,13
OTU993,0,0,0,0,24,17
OTU994,0,0,0,0,21,20
OTU995,0,0,0,0,18,23
OTU996,16,15,0,0,0,9
OTU997,14,15,0,11,0,0
OTU998,13,11,0,16,0,0
OTU999,0,40,0,0,0,0
OTU1000,0,40,0,0,0,0
OTU1001,0,23,0,17,0,0
OTU1002,0,15,0,4,0,21
OTU1003,0,0,40,0,0,0
OTU1004,0,0,40,0,0,0
OTU1005,0,0,40,0,0,0
OTU1006,0,0,40,0,0,0
OTU1007,0,0,22,0,18,0
OTU1008,0,0,4,0,23,13
OTU1009,0,0,0,40,0,0
OTU1010,0,0,0,40,0,0
OTU1011,0,0,0,14,0,26
OTU1012,0,0,0,0,40,0
OTU1013,0,0,0,0,40,0
OTU1014,0,0,0,0,40,0
OTU1015,0,0,0,0,40,0
OTU1016,0,0,0,0,19,21
OTU1017,0,0,0,0,18,22
OTU1018,18,0,0,0,8,13
OTU1019,0,39,0,0,0,0
OTU1020,0,39,0,0,0,0
OTU1021,0,33,6,0,0,0
OTU1022,0,29,0,0,10,0
OTU1023,0,20,0,0,19,0
OTU1024,0,19,20,0,0,0
OTU1025,0,16,0,0,23,0
OTU1026,0,16,12,3,8,0
OTU1027,0,11,0,0,28,0
OTU1028,0,4,0,14,21,0
OTU1029,0,0,23,0,16,0
OTU1030,0,0,20,0,19,0
OTU1031,0,0,14,0,25,0
OTU1032,0,0,6,33,0,0
OTU1033,0,0,0,39,0,0
OTU1034,0,0,0,39,0,0
OTU1035,0,0,0,39,0,0
OTU1036,0,0,0,39,0,0
OTU1037,0,0,0,13,21,5
OTU1038,0,0,0,0,28,11
OTU1039,0,0,0,0,18,21
OTU1040,0,0,0,0,0,39
OTU1041,38,0,0,0,0,0
OTU1042,23,15,0,0,0,0
OTU1043,9,29,0,0,0,0
OTU1044,4,0,0,0,0,34
OTU1045,0,38,0,0,0,0
OTU1046,0,38,0,0,0,0
OTU1047,0,16,8,14,0,0
OTU1048,0,9,0,10,19,0
OTU1049,0,0,38,0,0,0
OTU1050,0,0,38,0,0,0
OTU1051,0,0,23,15,0,0
OTU1052,0,0,16,0,0,22
OTU1053,0,0,10,13,0,15
OTU1054,0,0,0,38,0,0
OTU1055,0,0,0,0,38,0
OTU1056,0,0,0,0,38,0
OTU1057,0,0,0,0,0,38
OTU1058,26,0,0,0,0,11
OTU1059,13,0,24,0,0,0
OTU1060,0,37,0,0,0,0
OTU1061,0,37,0,0,0,0
OTU1062,0,37,0,0,0,0
OTU1063,0,20,17,0,0,0
OTU1064,0,16,0,21,0,0
OTU1065,0,11,11,0,7,8
OTU1066,0,0,37,0,0,0
OTU1067,0,0,28,9,0,0
OTU1068,0,0,19,0,0,18
OTU1069,0,0,18,19,0,0
OTU1070,0,0,0,37,0,0
OTU1071,0,0,0,37,0,0
OTU1072,0,0,0,18,0,19
OTU1073,0,0,0,0,24,13
OTU1074,0,0,0,0,0,37
OTU1075,36,0,0,0,0,0
OTU1076,22,14,0,0,0,0
OTU1077,15,0,21,0,0,0
OTU1078,4,11,21,0,0,0
OTU1079,0,36,0,0,0,0
OTU1080,0,36,0,0,0,0
OTU1081,0,22,14,0,0,0
OTU1082,0,6,9,10,0,11
OTU1083,0,0,36,0,0,0
OTU1084,0,0,36,0,0,0
OTU1085,0,0,11,3,12,10
OTU1086,0,0,0,36,0,0
OTU1087,0,0,0,29,7,0
OTU1088,0,0,0,0,36,0
OTU1089,0,0,0,0,0,36
OTU1090,0,0,0,0,0,36
OTU1091,35,0,0,0,0,0
OTU1092,27,8,0,0,0,0
OTU1093,19,16,0,0,0,0
OTU1094,4,0,0,31,0,0
OTU1095,0,35,0,0,0,0
OTU1096,0,20,0,15,0,0
OTU1097,0,17,0,18,0,0
OTU1098,0,13,22,0,0,0
OTU1099,0,0,35,0,0,0
OTU1100,0,0,12,0,18,5
OTU1101,0,0,9,0,26,0
OTU1102,0,0,0,35,0,0
OTU1103,0,0,0,35,0,0
OTU1104,0,0,0,0,35,0
OTU1105,0,0,0,0,0,35
OTU1106,0,0,0,0,0,35
OTU1107,0,0,0,0,0,35
OTU1108,0,34,0,0,0,0
OTU1109,0,34,0,0,0,0
OTU1110,0,19,11,4,0,0
OTU1111,0,15,19,0,0,0
OTU1112,0,13,0,14,7,0
OTU1113,0,12,0,22,0,0
OTU1114,0,10,5,19,0,0
OTU1115,0,0,34,0,0,0
OTU1116,0,0,34,0,0,0
OTU1117,0,0,27,0,7,0
OTU1118,0,0,19,15,0,0
OTU1119,0,0,17,0,0,17
OTU1120,0,0,14,0,0,20
OTU1121,0,0,8,0,16,10
OTU1122,0,0,0,0,34,0
OTU1123,0,0,0,0,16,18
OTU1124,0,0,0,0,9,25
OTU1125,10,8,6,0,0,9
OTU1126,0,33,0,0,0,0
OTU1127,0,24,0,9,0,0
OTU1128,0,19,0,14,0,0
OTU1129,0,18,0,15,0,0
OTU1130,0,10,8,15,0,0
OTU1131,0,0,0,33,0,0
OTU1132,0,0,0,33,0,0
OTU1133,0,0,0,33,0,0
OTU1134,0,0,0,33,0,0
OTU1135,0,0,0,33,0,0
OTU1136,0,0,0,33,0,0
OTU1137,0,0,0,33,0,0
OTU1138,0,0,0,12,21,0
OTU1139,0,0,0,0,33,0
OTU1140,0,0,0,0,33,0
OTU1141,0,0,0,0,33,0
OTU1142,0,0,0,0,0,33
OTU1143,32,0,0,0,0,0
OTU1144,0,22,0,10,0,0
OTU1145,0,14,18,0,0,0
OTU1146,0,14,0,8,3,7
OTU1147,0,0,32,0,0,0
OTU1148,0,0,32,0,0,0
OTU1149,0,0,32,0,0,0
OTU1150,0,0,32,0,0,0
OTU1151,0,0,24,0,0,8
OTU1152,0,0,21,0,11,0
OTU1153,0,0,8,0,24,0
OTU1154,0,0,0,32,0,0
OTU1155,0,0,0,32,0,0
OTU1156,0,0,0,32,0,0
OTU1157,0,0,0,23,9,0
OTU1158,0,0,0,22,10,0
OTU1159,0,0,0,21,11,0
OTU1160,0,0,0,0,32,0
OTU1161,0,0,0,0,32,0
OTU1162,8,23,0,0,0,0
OTU1163,6,25,0,0,0,0
OTU1164,0,21,10,0,0,0
OTU1165,0,17,14,0,0,0
OTU1166,0,13,3,9,0,6
OTU1167,0,12,0,19,0,0
OTU1168,0,9,0,22,0,0
OTU1169,0,5,7,0,0,19
OTU1170,0,0,31,0,0,0
OTU1171,0,0,21,0,0,10
OTU1172,0,0,16,0,15,0
OTU1173,0,0,0,31,0,0
OTU1174,0,0,0,15,16,0
OTU1175,0,0,0,0,31,0
OTU1176,0,0,0,0,31,0
OTU1177,0,0,0,0,31,0
OTU1178,0,0,0,0,22,9
OTU1179,0,0,0,0,0,31
OTU1180,0,0,0,0,0,31
OTU1181,0,0,0,0,0,31
OTU1182,0,30,0,0,0,0
OTU1183,0,30,0,0,0,0
OTU1184,0,30,0,0,0,0
OTU1185,0,19,11,0,0,0
OTU1186,0,19,11,0,0,0
OTU1187,0,19,0,11,0,0
OTU1188,0,16,14,0,0,0
OTU1189,0,13,0,0,8,9
OTU1190,0,12,0,0,0,18
OTU1191,0,10,20,0,0,0
OTU1192,0,8,0,14,8,0
OTU1193,0,6,0,24,0,0
OTU1194,0,5,5,10,0,10
OTU1195,0,0,30,0,0,0
OTU1196,0,0,15,0,15,0
OTU1197,0,0,0,30,0,0
OTU1198,0,0,0,30,0,0
OTU1199,0,0,0,30,0,0
OTU1200,0,0,0,0,30,0
OTU1201,0,0,0,0,30,0
OTU1202,0,0,0,0,0,30
OTU1203,0,0,0,0,0,30
OTU1204,29,0,0,0,0,0
OTU1205,29,0,0,0,0,0
OTU1206,29,0,0,0,0,0
OTU1207,16,0,13,0,0,0
OTU1208,5,0,0,11,9,4
OTU1209,0,29,0,0,0,0
OTU1210,0,29,0,0,0,0
OTU1211,0,29,0,0,0,0
OTU1212,0,29,0,0,0,0
OTU1213,0,29,0,0,0,0
OTU1214,0,29,0,0,0,0
OTU1215,0,27,0,0,0,2
OTU1216,0,25,0,4,0,0
OTU1217,0,23,6,0,0,0
OTU1218,0,12,17,0,0,0
OTU1219,0,9,0,7,13,0
OTU1220,0,0,29,0,0,0
OTU1221,0,0,29,0,0,0
OTU1222,0,0,12,0,8,9
OTU1223,0,0,9,20,0,0
OTU1224,0,0,0,29,0,0
OTU1225,0,0,0,29,0,0
OTU1226,0,0,0,29,0,0
OTU1227,0,0,0,29,0,0
OTU1228,0,0,0,21,0,8
OTU1229,0,0,0,10,0,19
OTU1230,0,0,0,0,29,0
OTU1231,0,0,0,0,29,0
OTU1232,0,0,0,0,29,0
OTU1233,0,0,0,0,29,0
OTU1234,0,0,0,0,29,0
OTU1235,0,0,0,0,18,11
OTU1236,0,0,0,0,17,12
OTU1237,0,0,0,0,11,18
OTU1238,0,0,0,0,0,29
OTU1239,0,0,0,0,0,29
OTU1240,0,0,0,0,0,29
OTU1241,0,0,0,0,0,29
OTU1242,20,0,8,0,0,0
OTU1243,10,0,13,5,0,0
OTU1244,0,28,0,0,0,0
OTU1245,0,28,0,0,0,0
OTU1246,0,28,0,0,0,0
OTU1247,0,19,9,0,0,0
OTU1248,0,17,0,11,0,0
OTU1249,0,14,0,14,0,0
OTU1250,0,13,0,15,0,0
OTU1251,0,6,0,22,0,0
OTU1252,0,0,28,0,0,0
OTU1253,0,0,28,0,0,0
OTU1254,0,0,17,0,11,0
OTU1255,0,0,14,0,14,0
OTU1256,0,0,5,7,0,16
OTU1257,0,0,0,28,0,0
OTU1258,0,0,0,28,0,0
OTU1259,0,0,0,28,0,0
OTU1260,0,0,0,10,0,18
OTU1261,0,0,0,0,28,0
OTU1262,0,0,0,0,28,0
OTU1263,0,0,0,0,28,0
OTU1264,0,0,0,0,28,0
OTU1265,0,0,0,0,11,17
OTU1266,0,0,0,0,0,28
OTU1267,18,9,0,0,0,0
OTU1268,14,0,13,0,0,0
OTU1269,7,0,0,20,0,0
OTU1270,5,8,4,0,0,10
OTU1271,0,27,0,0,0,0
OTU1272,0,27,0,0,0,0
OTU1273,0,27,0,0,0,0
OTU1274,0,27,0,0,0,0
OTU1275,0,27,0,0,0,0
OTU1276,0,27,0,0,0,0
OTU1277,0,20,0,7,0,0
OTU1278,0,18,0,9,0,0
OTU1279,0,13,3,0,2,9
OTU1280,0,12,0,15,0,0
OTU1281,0,8,0,19,0,0
OTU1282,0,6,0,0,8,13
OTU1283,0,4,0,0,5,18
OTU1284,0,0,27,0,0,0
OTU1285,0,0,27,0,0,0
OTU1286,0,0,12,0,15,0
OTU1287,0,0,12,0,15,0
OTU1288,0,0,9,3,15,0
OTU1289,0,0,8,0,0,19
OTU1290,0,0,0,27,0,0
OTU1291,0,0,0,15,12,0
OTU1292,0,0,0,0,27,0
OTU1293,0,0,0,0,27,0
OTU1294,0,0,0,0,27,0
OTU1295,0,0,0,0,27,0
OTU1296,0,0,0,0,27,0
OTU1297,0,0,0,0,13,14
OTU1298,0,0,0,0,0,27
OTU1299,0,0,0,0,0,27
OTU1300,0,0,0,0,0,27
OTU1301,0,0,0,0,0,27
OTU1302,12,10,0,0,0,4
OTU1303,11,5,10,0,0,0
OTU1304,10,0,0,16,0,0
OTU1305,0,26,0,0,0,0
OTU1306,0,13,0,0,0,13
OTU1307,0,13,0,3,0,10
OTU1308,0,8,13,0,0,5
OTU1309,0,6,0,12,8,0
OTU1310,0,0,26,0,0,0
OTU1311,0,0,26,0,0,0
OTU1312,0,0,15,0,0,11
OTU1313,0,0,13,0,0,13
OTU1314,0,0,11,15,0,0
OTU1315,0,0,0,26,0,0
OTU1316,0,0,0,26,0,0
OTU1317,0,0,0,16,0,10
OTU1318,0,0,0,0,26,0
OTU1319,0,0,0,0,26,0
OTU1320,0,0,0,0,26,0
OTU1321,0,0,0,0,19,7
OTU1322,0,0,0,0,14,12
OTU1323,0,0,0,0,13,13
OTU1324,0,0,0,0,0,26
OTU1325,0,0,0,0,0,26
OTU1326,0,0,0,0,0,26
OTU1327,0,0,0,0,0,26
OTU1328,20,0,0,0,0,5
OTU1329,20,5,0,0,0,0
OTU1330,6,0,10,0,0,9
OTU1331,0,25,0,0,0,0
OTU1332,0,25,0,0,0,0
OTU1333,0,25,0,0,0,0
OTU1334,0,25,0,0,0,0
OTU1335,0,25,0,0,0,0
OTU1336,0,17,8,0,0,0
OTU1337,0,17,0,8,0,0
OTU1338,0,16,0,9,0,0
OTU1339,0,14,0,11,0,0
OTU1340,0,11,7,0,7,0
OTU1341,0,11,14,0,0,0
OTU1342,0,9,0,0,16,0
OTU1343,0,8,0,17,0,0
OTU1344,0,7,0,0,18,0
OTU1345,0,4,0,21,0,0
OTU1346,0,0,25,0,0,0
OTU1347,0,0,13,0,12,0
OTU1348,0,0,12,0,0,13
OTU1349,0,0,10,0,0,15
OTU1350,0,0,0,25,0,0
OTU1351,0,0,0,25,0,0
OTU1352,0,0,0,17,0,8
OTU1353,0,0,0,3,5,17
OTU1354,0,0,0,0,25,0
OTU1355,0,0,0,0,25,0
OTU1356,0,0,0,0,25,0
OTU1357,0,0,0,0,25,0
OTU1358,0,0,0,0,25,0
OTU1359,0,0,0,0,25,0
OTU1360,0,0,0,0,25,0
OTU1361,0,0,0,0,0,25
OTU1362,0,0,0,0,0,25
OTU1363,0,0,0,0,0,25
OTU1364,0,0,0,0,0,25
OTU1365,0,0,0,0,0,25
OTU1366,0,0,0,0,0,25
OTU1367,24,0,0,0,0,0
OTU1368,24,0,0,0,0,0
OTU1369,12,0,0,12,0,0
OTU1370,5,0,0,0,13,6
OTU1371,4,3,0,0,17,0
OTU1372,4,11,9,0,0,0
OTU1373,0,24,0,0,0,0
OTU1374,0,24,0,0,0,0
OTU1375,0,24,0,0,0,0
OTU1376,0,16,0,8,0,0
OTU1377,0,15,0,0,0,9
OTU1378,0,14,0,0,0,10
OTU1379,0,13,11,0,0,0
OTU1380,0,12,12,0,0,0
OTU1381,0,9,0,15,0,0
OTU1382,0,0,24,0,0,0
OTU1383,0,0,9,15,0,0
OTU1384,0,0,0,24,0,0
OTU1385,0,0,0,24,0,0
OTU1386,0,0,0,24,0,0
OTU1387,0,0,0,24,0,0
OTU1388,0,0,0,24,0,0
OTU1389,0,0,0,0,24,0
OTU1390,0,0,0,0,24,0
OTU1391,0,0,0,0,17,7
OTU1392,0,0,0,0,13,11
OTU1393,0,0,0,0,0,24
OTU1394,23,0,0,0,0,0
OTU1395,23,0,0,0,0,0
OTU1396,15,0,8,0,0,0
OTU1397,4,9,5,5,0,0
OTU1398,0,23,0,0,0,0
OTU1399,0,23,0,0,0,0
OTU1400,0,23,0,0,0,0
OTU1401,0,23,0,0,0,0
OTU1402,0,23,0,0,0,0
OTU1403,0,23,0,0,0,0
OTU1404,0,20,0,3,0,0
OTU1405,0,11,12,0,0,0
OTU1406,0,10,5,8,0,0
OTU1407,0,7,0,16,0,0
OTU1408,0,0,23,0,0,0
OTU1409,0,0,23,0,0,0
OTU1410,0,0,23,0,0,0
OTU1411,0,0,0,23,0,0
OTU1412,0,0,0,23,0,0
OTU1413,0,0,0,23,0,0
OTU1414,0,0,0,23,0,0
OTU1415,0,0,0,23,0,0
OTU1416,0,0,0,14,0,9
OTU1417,0,0,0,9,0,14
OTU1418,0,0,0,0,23,0
OTU1419,0,0,0,0,23,0
OTU1420,0,0,0,0,23,0
OTU1421,0,0,0,0,16,7
OTU1422,0,0,0,0,12,11
OTU1423,22,0,0,0,0,0
OTU1424,22,0,0,0,0,0
OTU1425,22,0,0,0,0,0
OTU1426,22,0,0,0,0,0
OTU1427,22,0,0,0,0,0
OTU1428,22,0,0,0,0,0
OTU1429,22,0,0,0,0,0
OTU1430,18,0,4,0,0,0
OTU1431,11,11,0,0,0,0
OTU1432,7,15,0,0,0,0
OTU1433,4,14,4,0,0,0
OTU1434,2,0,3,6,11,0
OTU1435,0,22,0,0,0,0
OTU1436,0,22,0,0,0,0
OTU1437,0,22,0,0,0,0
OTU1438,0,17,5,0,0,0
OTU1439,0,15,0,7,0,0
OTU1440,0,9,0,0,0,13
OTU1441,0,8,0,14,0,0
OTU1442,0,0,22,0,0,0
OTU1443,0,0,22,0,0,0
OTU1444,0,0,22,0,0,0
OTU1445,0,0,0,22,0,0
OTU1446,0,0,0,22,0,0
OTU1447,0,0,0,22,0,0
OTU1448,0,0,0,22,0,0
OTU1449,0,0,0,22,0,0
OTU1450,0,0,0,22,0,0
OTU1451,0,0,0,10,12,0
OTU1452,0,0,0,0,22,0
OTU1453,0,0,0,0,22,0
OTU1454,0,0,0,0,22,0
OTU1455,0,0,0,0,22,0
OTU1456,0,0,0,0,22,0
OTU1457,0,0,0,0,22,0
OTU1458,0,0,0,0,22,0
OTU1459,0,0,0,0,22,0
OTU1460,0,0,0,0,0,22
OTU1461,0,0,0,0,0,22
OTU1462,0,0,0,0,0,22
OTU1463,21,0,0,0,0,0
OTU1464,21,0,0,0,0,0
OTU1465,12,9,0,0,0,0
OTU1466,0,21,0,0,0,0
OTU1467,0,21,0,0,0,0
OTU1468,0,21,0,0,0,0
OTU1469,0,21,0,0,0,0
OTU1470,0,18,3,0,0,0
OTU1471,0,16,5,0,0,0
OTU1472,0,14,7,0,0,0
OTU1473,0,8,0,13,0,0
OTU1474,0,8,13,0,0,0
OTU1475,0,7,5,9,0,0
OTU1476,0,6,15,0,0,0
OTU1477,0,6,0,0,15,0
OTU1478,0,0,21,0,0,0
OTU1479,0,0,21,0,0,0
OTU1480,0,0,21,0,0,0
OTU1481,0,0,11,0,0,10
OTU1482,0,0,9,12,0,0
OTU1483,0,0,9,0,12,0
OTU1484,0,0,7,0,0,14
OTU1485,0,0,7,14,0,0
OTU1486,0,0,0,21,0,0
OTU1487,0,0,0,21,0,0
OTU1488,0,0,0,21,0,0
OTU1489,0,0,0,21,0,0
OTU1490,0,0,0,21,0,0
OTU1491,0,0,0,15,0,6
OTU1492,0,0,0,0,21,0
OTU1493,0,0,0,0,21,0
OTU1494,0,0,0,0,21,0
OTU1495,0,0,0,0,21,0
OTU1496,0,0,0,0,21,0
OTU1497,0,0,0,0,21,0
OTU1498,0,0,0,0,21,0
OTU1499,0,0,0,0,21,0
OTU1500,0,0,0,0,21,0
OTU1501,0,0,0,0,21,0
OTU1502,0,0,0,0,0,21
OTU1503,0,0,0,0,0,21
OTU1504,0,0,0,0,0,21
OTU1505,0,0,0,0,0,21
OTU1506,0,0,0,0,0,21
OTU1507,0,0,0,0,0,21
OTU1508,0,0,0,0,0,21
OTU1509,0,0,0,0,0,21
OTU1510,0,0,0,0,0,21
OTU1511,20,0,0,0,0,0
OTU1512,12,8,0,0,0,0
OTU1513,4,9,0,7,0,0
OTU1514,4,16,0,0,0,0
OTU1515,0,20,0,0,0,0
OTU1516,0,20,0,0,0,0
OTU1517,0,20,0,0,0,0
OTU1518,0,20,0,0,0,0
OTU1519,0,20,0,0,0,0
OTU1520,0,20,0,0,0,0
OTU1521,0,20,0,0,0,0
OTU1522,0,11,9,0,0,0
OTU1523,0,7,13,0,0,0
OTU1524,0,7,6,0,0,7
OTU1525,0,6,0,10,0,4
OTU1526,0,3,0,7,0,10
OTU1527,0,0,20,0,0,0
OTU1528,0,0,20,0,0,0
OTU1529,0,0,20,0,0,0
OTU1530,0,0,20,0,0,0
OTU1531,0,0,6,0,0,14
OTU1532,0,0,0,20,0,0
OTU1533,0,0,0,20,0,0
OTU1534,0,0,0,20,0,0
OTU1535,0,0,0,20,0,0
OTU1536,0,0,0,20,0,0
OTU1537,0,0,0,16,4,0
OTU1538,0,0,0,11,0,9
OTU1539,0,0,0,0,20,0
OTU1540,0,0,0,0,20,0
OTU1541,0,0,0,0,20,0
OTU1542,0,0,0,0,20,0
OTU1543,0,0,0,0,20,0
OTU1544,0,0,0,0,20,0
OTU1545,0,0,0,0,20,0
OTU1546,0,0,0,0,20,0
OTU1547,0,0,0,0,20,0
OTU1548,0,0,0,0,20,0
OTU1549,0,0,0,0,8,12
OTU1550,0,0,0,0,0,20
OTU1551,0,0,0,0,0,20
OTU1552,0,0,0,0,0,20
OTU1553,0,0,0,0,0,20
OTU1554,0,0,0,0,0,20
OTU1555,0,0,0,0,0,20
OTU1556,19,0,0,0,0,0
OTU1557,19,0,0,0,0,0
OTU1558,19,0,0,0,0,0
OTU1559,19,0,0,0,0,0
OTU1560,19,0,0,0,0,0
OTU1561,19,0,0,0,0,0
OTU1562,4,0,0,15,0,0
OTU1563,2,10,0,7,0,0
OTU1564,0,19,0,0,0,0
OTU1565,0,19,0,0,0,0
OTU1566,0,19,0,0,0,0
OTU1567,0,19,0,0,0,0
OTU1568,0,19,0,0,0,0
OTU1569,0,19,0,0,0,0
OTU1570,0,19,0,0,0,0
OTU1571,0,13,6,0,0,0
OTU1572,0,11,0,4,0,4
OTU1573,0,6,0,0,0,13
OTU1574,0,6,0,0,0,13
OTU1575,0,3,10,6,0,0
OTU1576,0,0,19,0,0,0
OTU1577,0,0,19,0,0,0
OTU1578,0,0,19,0,0,0
OTU1579,0,0,19,0,0,0
OTU1580,0,0,19,0,0,0
OTU1581,0,0,19,0,0,0
OTU1582,0,0,15,0,0,4
OTU1583,0,0,2,0,3,14
OTU1584,0,0,0,19,0,0
OTU1585,0,0,0,19,0,0
OTU1586,0,0,0,19,0,0
OTU1587,0,0,0,19,0,0
OTU1588,0,0,0,19,0,0
OTU1589,0,0,0,19,0,0
OTU1590,0,0,0,19,0,0
OTU1591,0,0,0,12,7,0
OTU1592,0,0,0,11,0,8
OTU1593,0,0,0,0,19,0
OTU1594,0,0,0,0,19,0
OTU1595,0,0,0,0,19,0
OTU1596,0,0,0,0,19,0
OTU1597,0,0,0,0,19,0
OTU1598,0,0,0,0,19,0
OTU1599,0,0,0,0,19,0
OTU1600,0,0,0,0,19,0
OTU1601,0,0,0,0,0,19
OTU1602,0,0,0,0,0,19
OTU1603,0,0,0,0,0,19
OTU1604,0,0,0,0,0,19
OTU1605,0,0,0,0,0,19
OTU1606,0,0,0,0,0,19
OTU1607,18,0,0,0,0,0
OTU1608,18,0,0,0,0,0
OTU1609,7,0,0,11,0,0
OTU1610,6,0,0,12,0,0
OTU1611,0,18,0,0,0,0
OTU1612,0,18,0,0,0,0
OTU1613,0,18,0,0,0,0
OTU1614,0,18,0,0,0,0
OTU1615,0,18,0,0,0,0
OTU1616,0,18,0,0,0,0
OTU1617,0,18,0,0,0,0
OTU1618,0,18,0,0,0,0
OTU1619,0,18,0,0,0,0
OTU1620,0,18,0,0,0,0
OTU1621,0,10,0,0,0,8
OTU1622,0,9,9,0,0,0
OTU1623,0,7,0,0,5,6
OTU1624,0,7,0,11,0,0
OTU1625,0,7,0,8,0,3
OTU1626,0,6,12,0,0,0
OTU1627,0,5,0,0,0,13
OTU1628,0,3,0,0,5,10
OTU1629,0,0,18,0,0,0
OTU1630,0,0,18,0,0,0
OTU1631,0,0,18,0,0,0
OTU1632,0,0,18,0,0,0
OTU1633,0,0,18,0,0,0
OTU1634,0,0,18,0,0,0
OTU1635,0,0,18,0,0,0
OTU1636,0,0,18,0,0,0
OTU1637,0,0,18,0,0,0
OTU1638,0,0,18,0,0,0
OTU1639,0,0,18,0,0,0
OTU1640,0,0,18,0,0,0
OTU1641,0,0,18,0,0,0
OTU1642,0,0,5,13,0,0
OTU1643,0,0,0,18,0,0
OTU1644,0,0,0,18,0,0
OTU1645,0,0,0,18,0,0
OTU1646,0,0,0,18,0,0
OTU1647,0,0,0,18,0,0
OTU1648,0,0,0,18,0,0
OTU1649,0,0,0,18,0,0
OTU1650,0,0,0,18,0,0
OTU1651,0,0,0,18,0,0
OTU1652,0,0,0,8,10,0
OTU1653,0,0,0,0,18,0
OTU1654,0,0,0,0,18,0
OTU1655,0,0,0,0,18,0
OTU1656,0,0,0,0,18,0
OTU1657,0,0,0,0,18,0
OTU1658,0,0,0,0,18,0
OTU1659,0,0,0,0,18,0
OTU1660,0,0,0,0,8,10
OTU1661,0,0,0,0,8,10
OTU1662,0,0,0,0,0,18
OTU1663,0,0,0,0,0,18
OTU1664,0,0,0,0,0,18
OTU1665,0,0,0,0,0,18
OTU1666,0,0,0,0,0,18
OTU1667,0,0,0,0,0,18
OTU1668,0,0,0,0,0,18
OTU1669,0,0,0,0,0,18
OTU1670,0,0,0,0,0,18
OTU1671,0,0,0,0,0,18
OTU1672,17,0,0,0,0,0
OTU1673,17,0,0,0,0,0
OTU1674,6,11,0,0,0,0
OTU1675,0,17,0,0,0,0
OTU1676,0,17,0,0,0,0
OTU1677,0,17,0,0,0,0
OTU1678,0,17,0,0,0,0
OTU1679,0,17,0,0,0,0
OTU1680,0,17,0,0,0,0
OTU1681,0,14,3,0,0,0
OTU1682,0,9,0,0,0,8
OTU1683,0,9,8,0,0,0
OTU1684,0,9,8,0,0,0
OTU1685,0,6,0,0,0,11
OTU1686,0,6,11,0,0,0
OTU1687,0,0,17,0,0,0
OTU1688,0,0,17,0,0,0
OTU1689,0,0,17,0,0,0
OTU1690,0,0,17,0,0,0
OTU1691,0,0,17,0,0,0
OTU1692,0,0,17,0,0,0
OTU1693,0,0,17,0,0,0
OTU1694,0,0,17,0,0,0
OTU1695,0,0,6,11,0,0
OTU1696,0,0,0,17,0,0
OTU1697,0,0,0,17,0,0
OTU1698,0,0,0,17,0,0
OTU1699,0,0,0,17,0,0
OTU1700,0,0,0,17,0,0
OTU1701,0,0,0,17,0,0
OTU1702,0,0,0,17,0,0
OTU1703,0,0,0,2,8,7
OTU1704,0,0,0,0,17,0
OTU1705,0,0,0,0,17,0
OTU1706,0,0,0,0,17,0
OTU1707,0,0,0,0,17,0
OTU1708,0,0,0,0,17,0
OTU1709,0,0,0,0,17,0
OTU1710,0,0,0,0,17,0
OTU1711,0,0,0,0,9,8
OTU1712,0,0,0,0,9,8
OTU1713,0,0,0,0,0,17
OTU1714,0,0,0,0,0,17
OTU1715,0,0,0,0,0,17
OTU1716,0,0,0,0,0,17
OTU1717,0,0,0,0,0,17
OTU1718,0,0,0,0,0,17
OTU1719,16,0,0,0,0,0
OTU1720,16,0,0,0,0,0
OTU1721,7,0,0,0,9,0
OTU1722,0,16,0,0,0,0
OTU1723,0,16,0,0,0,0
OTU1724,0,16,0,0,0,0
OTU1725,0,16,0,0,0,0
OTU1726,0,16,0,0,0,0
OTU1727,0,16,0,0,0,0
OTU1728,0,16,0,0,0,0
OTU1729,0,16,0,0,0,0
OTU1730,0,16,0,0,0,0
OTU1731,0,16,0,0,0,0
OTU1732,0,9,0,7,0,0
OTU1733,0,0,16,0,0,0
OTU1734,0,0,16,0,0,0
OTU1735,0,0,16,0,0,0
OTU1736,0,0,16,0,0,0
OTU1737,0,0,16,0,0,0
OTU1738,0,0,16,0,0,0
OTU1739,0,0,16,0,0,0
OTU1740,0,0,12,0,0,4
OTU1741,0,0,11,0,5,0
OTU1742,0,0,0,16,0,0
OTU1743,0,0,0,16,0,0
OTU1744,0,0,0,16,0,0
OTU1745,0,0,0,16,0,0
OTU1746,0,0,0,16,0,0
OTU1747,0,0,0,16,0,0
OTU1748,0,0,0,16,0,0
OTU1749,0,0,0,16,0,0
OTU1750,0,0,0,16,0,0
OTU1751,0,0,0,10,6,0
OTU1752,0,0,0,8,8,0
OTU1753,0,0,0,0,16,0
OTU1754,0,0,0,0,16,0
OTU1755,0,0,0,0,16,0
OTU1756,0,0,0,0,16,0
OTU1757,0,0,0,0,16,0
OTU1758,0,0,0,0,16,0
OTU1759,0,0,0,0,16,0
OTU1760,0,0,0,0,16,0
OTU1761,0,0,0,0,16,0
OTU1762,0,0,0,0,16,0
OTU1763,0,0,0,0,10,6
OTU1764,0,0,0,0,0,16
OTU1765,0,0,0,0,0,16
OTU1766,0,0,0,0,0,16
OTU1767,0,0,0,0,0,16
OTU1768,0,0,0,0,0,16
OTU1769,0,0,0,0,0,16
OTU1770,15,0,0,0,0,0
OTU1771,15,0,0,0,0,0
OTU1772,13,0,2,0,0,0
OTU1773,13,0,2,0,0,0
OTU1774,5,0,10,0,0,0
OTU1775,0,15,0,0,0,0
OTU1776,0,15,0,0,0,0
OTU1777,0,15,0,0,0,0
OTU1778,0,15,0,0,0,0
OTU1779,0,15,0,0,0,0
OTU1780,0,15,0,0,0,0
OTU1781,0,9,0,0,0,6
OTU1782,0,8,7,0,0,0
OTU1783,0,4,0,0,0,11
OTU1784,0,0,15,0,0,0
OTU1785,0,0,15,0,0,0
OTU1786,0,0,15,0,0,0
OTU1787,0,0,15,0,0,0
OTU1788,0,0,15,0,0,0
OTU1789,0,0,15,0,0,0
OTU1790,0,0,15,0,0,0
OTU1791,0,0,15,0,0,0
OTU1792,0,0,15,0,0,0
OTU1793,0,0,15,0,0,0
OTU1794,0,0,15,0,0,0
OTU1795,0,0,15,0,0,0
OTU1796,0,0,6,7,2,0
OTU1797,0,0,0,15,0,0
OTU1798,0,0,0,15,0,0
OTU1799,0,0,0,15,0,0
OTU1800,0,0,0,15,0,0
OTU1801,0,0,0,15,0,0
OTU1802,0,0,0,15,0,0
OTU1803,0,0,0,15,0,0
OTU1804,0,0,0,15,0,0
OTU1805,0,0,0,15,0,0
OTU1806,0,0,0,15,0,0
OTU1807,0,0,0,15,0,0
OTU1808,0,0,0,11,0,4
OTU1809,0,0,0,9,6,0
OTU1810,0,0,0,2,7,6
OTU1811,0,0,0,0,15,0
OTU1812,0,0,0,0,15,0
OTU1813,0,0,0,0,15,0
OTU1814,0,0,0,0,15,0
OTU1815,0,0,0,0,15,0
OTU1816,0,0,0,0,15,0
OTU1817,0,0,0,0,15,0
OTU1818,0,0,0,0,15,0
OTU1819,0,0,0,0,6,9
OTU1820,0,0,0,0,6,9
OTU1821,0,0,0,0,0,15
OTU1822,0,0,0,0,0,15
OTU1823,0,0,0,0,0,15
OTU1824,0,0,0,0,0,15
OTU1825,0,0,0,0,0,15
OTU1826,14,0,0,0,0,0
OTU1827,14,0,0,0,0,0
OTU1828,14,0,0,0,0,0
OTU1829,8,0,6,0,0,0
OTU1830,3,0,0,11,0,0
OTU1831,0,14,0,0,0,0
OTU1832,0,14,0,0,0,0
OTU1833,0,14,0,0,0,0
OTU1834,0,14,0,0,0,0
OTU1835,0,14,0,0,0,0
OTU1836,0,14,0,0,0,0
OTU1837,0,14,0,0,0,0
OTU1838,0,14,0,0,0,0
OTU1839,0,14,0,0,0,0
OTU1840,0,14,0,0,0,0
OTU1841,0,14,0,0,0,0
OTU1842,0,8,6,0,0,0
OTU1843,0,5,9,0,0,0
OTU1844,0,5,9,0,0,0
OTU1845,0,2,0,0,0,12
OTU1846,0,0,14,0,0,0
OTU1847,0,0,14,0,0,0
OTU1848,0,0,14,0,0,0
OTU1849,0,0,14,0,0,0
OTU1850,0,0,14,0,0,0
OTU1851,0,0,14,0,0,0
OTU1852,0,0,10,0,4,0
OTU1853,0,0,8,0,0,6
OTU1854,0,0,8,4,0,2
OTU1855,0,0,0,14,0,0
OTU1856,0,0,0,14,0,0
OTU1857,0,0,0,14,0,0
OTU1858,0,0,0,14,0,0
OTU1859,0,0,0,14,0,0
OTU1860,0,0,0,14,0,0
OTU1861,0,0,0,14,0,0
OTU1862,0,0,0,14,0,0
OTU1863,0,0,0,14,0,0
OTU1864,0,0,0,14,0,0
OTU1865,0,0,0,14,0,0
OTU1866,0,0,0,14,0,0
OTU1867,0,0,0,14,0,0
OTU1868,0,0,0,5,0,9
OTU1869,0,0,0,0,14,0
OTU1870,0,0,0,0,14,0
OTU1871,0,0,0,0,14,0
OTU1872,0,0,0,0,14,0
OTU1873,0,0,0,0,14,0
OTU1874,0,0,0,0,14,0
OTU1875,0,0,0,0,14,0
OTU1876,0,0,0,0,14,0
OTU1877,0,0,0,0,14,0
OTU1878,0,0,0,0,14,0
OTU1879,0,0,0,0,14,0
OTU1880,0,0,0,0,14,0
OTU1881,0,0,0,0,14,0
OTU1882,0,0,0,0,7,7
OTU1883,0,0,0,0,0,14
OTU1884,0,0,0,0,0,14
OTU1885,0,0,0,0,0,14
OTU1886,0,0,0,0,0,14
OTU1887,0,0,0,0,0,14
OTU1888,0,0,0,0,0,14
OTU1889,0,0,0,0,0,14
OTU1890,0,0,0,0,0,14
OTU1891,0,0,0,0,0,14
OTU1892,0,0,0,0,0,14
OTU1893,13,0,0,0,0,0
OTU1894,13,0,0,0,0,0
OTU1895,13,0,0,0,0,0
OTU1896,13,0,0,0,0,0
OTU1897,13,0,0,0,0,0
OTU1898,3,10,0,0,0,0
OTU1899,2,0,0,11,0,0
OTU1900,0,13,0,0,0,0
OTU1901,0,13,0,0,0,0
OTU1902,0,13,0,0,0,0
OTU1903,0,13,0,0,0,0
OTU1904,0,13,0,0,0,0
OTU1905,0,13,0,0,0,0
OTU1906,0,13,0,0,0,0
OTU1907,0,13,0,0,0,0
OTU1908,0,13,0,0,0,0
OTU1909,0,13,0,0,0,0
OTU1910,0,8,0,0,5,0
OTU1911,0,7,0,6,0,0
OTU1912,0,5,0,4,0,4
OTU1913,0,0,13,0,0,0
OTU1914,0,0,13,0,0,0
OTU1915,0,0,13,0,0,0
OTU1916,0,0,13,0,0,0
OTU1917,0,0,13,0,0,0
OTU1918,0,0,13,0,0,0
OTU1919,0,0,13,0,0,0
OTU1920,0,0,13,0,0,0
OTU1921,0,0,13,0,0,0
OTU1922,0,0,13,0,0,0
OTU1923,0,0,13,0,0,0
OTU1924,0,0,4,0,7,2
OTU1925,0,0,3,0,0,10
OTU1926,0,0,0,13,0,0
OTU1927,0,0,0,13,0,0
OTU1928,0,0,0,13,0,0
OTU1929,0,0,0,13,0,0
OTU1930,0,0,0,13,0,0
OTU1931,0,0,0,13,0,0
OTU1932,0,0,0,13,0,0
OTU1933,0,0,0,13,0,0
OTU1934,0,0,0,13,0,0
OTU1935,0,0,0,13,0,0
OTU1936,0,0,0,13,0,0
OTU1937,0,0,0,10,3,0
OTU1938,0,0,0,7,6,0
OTU1939,0,0,0,6,7,0
OTU1940,0,0,0,6,0,7
OTU1941,0,0,0,6,0,7
OTU1942,0,0,0,0,13,0
OTU1943,0,0,0,0,13,0
OTU1944,0,0,0,0,13,0
OTU1945,0,0,0,0,13,0
OTU1946,0,0,0,0,13,0
OTU1947,0,0,0,0,13,0
OTU1948,0,0,0,0,13,0
OTU1949,0,0,0,0,13,0
OTU1950,0,0,0,0,13,0
OTU1951,0,0,0,0,13,0
OTU1952,0,0,0,0,5,8
OTU1953,0,0,0,0,0,13
OTU1954,0,0,0,0,0,13
OTU1955,0,0,0,0,0,13
OTU1956,0,0,0,0,0,13
OTU1957,0,0,0,0,0,13
OTU1958,0,0,0,0,0,13
OTU1959,0,0,0,0,0,13
OTU1960,12,0,0,0,0,0
OTU1961,12,0,0,0,0,0
OTU1962,12,0,0,0,0,0
OTU1963,12,0,0,0,0,0
OTU1964,12,0,0,0,0,0
OTU1965,12,0,0,0,0,0
OTU1966,12,0,0,0,0,0
OTU1967,12,0,0,0,0,0
OTU1968,12,0,0,0,0,0
OTU1969,7,5,0,0,0,0
OTU1970,0,12,0,0,0,0
OTU1971,0,12,0,0,0,0
OTU1972,0,12,0,0,0,0
OTU1973,0,12,0,0,0,0
OTU1974,0,12,0,0,0,0
OTU1975,0,12,0,0,0,0
OTU1976,0,12,0,0,0,0
OTU1977,0,12,0,0,0,0
OTU1978,0,12,0,0,0,0
OTU1979,0,12,0,0,0,0
OTU1980,0,8,4,0,0,0
OTU1981,0,8,0,0,4,0
OTU1982,0,5,0,0,0,7
OTU1983,0,0,12,0,0,0
OTU1984,0,0,12,0,0,0
OTU1985,0,0,12,0,0,0
OTU1986,0,0,12,0,0,0
OTU1987,0,0,12,0,0,0
OTU1988,0,0,12,0,0,0
OTU1989,0,0,12,0,0,0
OTU1990,0,0,10,0,2,0
OTU1991,0,0,0,12,0,0
OTU1992,0,0,0,12,0,0
OTU1993,0,0,0,12,0,0
OTU1994,0,0,0,12,0,0
OTU1995,0,0,0,10,0,2
OTU1996,0,0,0,0,12,0
OTU1997,0,0,0,0,12,0
OTU1998,0,0,0,0,12,0
OTU1999,0,0,0,0,12,0
OTU2000,0,0,0,0,12,0
OTU2001,0,0,0,0,12,0
OTU2002,0,0,0,0,12,0
OTU2003,0,0,0,0,12,0
OTU2004,0,0,0,0,12,0
OTU2005,0,0,0,0,12,0
OTU2006,0,0,0,0,12,0
OTU2007,0,0,0,0,7,5
OTU2008,0,0,0,0,0,12
OTU2009,0,0,0,0,0,12
OTU2010,0,0,0,0,0,12
OTU2011,0,0,0,0,0,12
OTU2012,0,0,0,0,0,12
OTU2013,0,0,0,0,0,12
OTU2014,0,0,0,0,0,12
OTU2015,0,0,0,0,0,12
OTU2016,0,0,0,0,0,12
OTU2017,0,0,0,0,0,12
OTU2018,11,0,0,0,0,0
OTU2019,11,0,0,0,0,0
OTU2020,11,0,0,0,0,0
OTU2021,11,0,0,0,0,0
OTU2022,11,0,0,0,0,0
OTU2023,11,0,0,0,0,0
OTU2024,11,0,0,0,0,0
OTU2025,11,0,0,0,0,0
OTU2026,11,0,0,0,0,0
OTU2027,11,0,0,0,0,0
OTU2028,11,0,0,0,0,0
OTU2029,11,0,0,0,0,0
OTU2030,5,0,6,0,0,0
OTU2031,0,11,0,0,0,0
OTU2032,0,11,0,0,0,0
OTU2033,0,11,0,0,0,0
OTU2034,0,11,0,0,0,0
OTU2035,0,11,0,0,0,0
OTU2036,0,11,0,0,0,0
OTU2037,0,11,0,0,0,0
OTU2038,0,11,0,0,0,0
OTU2039,0,11,0,0,0,0
OTU2040,0,11,0,0,0,0
OTU2041,0,11,0,0,0,0
OTU2042,0,11,0,0,0,0
OTU2043,0,11,0,0,0,0
OTU2044,0,7,0,4,0,0
OTU2045,0,5,0,0,6,0
OTU2046,0,0,11,0,0,0
OTU2047,0,0,11,0,0,0
OTU2048,0,0,11,0,0,0
OTU2049,0,0,11,0,0,0
OTU2050,0,0,11,0,0,0
OTU2051,0,0,11,0,0,0
OTU2052,0,0,11,0,0,0
OTU2053,0,0,11,0,0,0
OTU2054,0,0,11,0,0,0
OTU2055,0,0,11,0,0,0
OTU2056,0,0,11,0,0,0
OTU2057,0,0,11,0,0,0
OTU2058,0,0,11,0,0,0
OTU2059,0,0,0,11,0,0
OTU2060,0,0,0,11,0,0
OTU2061,0,0,0,11,0,0
OTU2062,0,0,0,11,0,0
OTU2063,0,0,0,11,0,0
OTU2064,0,0,0,11,0,0
OTU2065,0,0,0,11,0,0
OTU2066,0,0,0,11,0,0
OTU2067,0,0,0,11,0,0
OTU2068,0,0,0,11,0,0
OTU2069,0,0,0,11,0,0
OTU2070,0,0,0,7,4,0
OTU2071,0,0,0,0,11,0
OTU2072,0,0,0,0,11,0
OTU2073,0,0,0,0,11,0
OTU2074,0,0,0,0,11,0
OTU2075,0,0,0,0,11,0
OTU2076,0,0,0,0,11,0
OTU2077,0,0,0,0,11,0
OTU2078,0,0,0,0,11,0
OTU2079,0,0,0,0,11,0
OTU2080,0,0,0,0,11,0
OTU2081,0,0,0,0,11,0
OTU2082,0,0,0,0,11,0
OTU2083,0,0,0,0,11,0
OTU2084,0,0,0,0,11,0
OTU2085,0,0,0,0,11,0
OTU2086,0,0,0,0,11,0
OTU2087,0,0,0,0,11,0
OTU2088,0,0,0,0,11,0
OTU2089,0,0,0,0,11,0
OTU2090,0,0,0,0,4,7
OTU2091,0,0,0,0,4,7
OTU2092,0,0,0,0,0,11
OTU2093,0,0,0,0,0,11
OTU2094,0,0,0,0,0,11
OTU2095,0,0,0,0,0,11
OTU2096,0,0,0,0,0,11
OTU2097,0,0,0,0,0,11
OTU2098,0,0,0,0,0,11
OTU2099,0,0,0,0,0,11
OTU2100,0,0,0,0,0,11
OTU2101,0,0,0,0,0,11
OTU2102,10,0,0,0,0,0
OTU2103,10,0,0,0,0,0
OTU2104,10,0,0,0,0,0
OTU2105,10,0,0,0,0,0
OTU2106,10,0,0,0,0,0
OTU2107,10,0,0,0,0,0
OTU2108,10,0,0,0,0,0
OTU2109,8,0,0,0,0,2
OTU2110,6,0,0,4,0,0
OTU2111,4,0,6,0,0,0
OTU2112,0,10,0,0,0,0
OTU2113,0,10,0,0,0,0
OTU2114,0,10,0,0,0,0
OTU2115,0,10,0,0,0,0
OTU2116,0,10,0,0,0,0
OTU2117,0,10,0,0,0,0
OTU2118,0,10,0,0,0,0
OTU2119,0,10,0,0,0,0
OTU2120,0,10,0,0,0,0
OTU2121,0,10,0,0,0,0
OTU2122,0,10,0,0,0,0
OTU2123,0,10,0,0,0,0
OTU2124,0,10,0,0,0,0
OTU2125,0,10,0,0,0,0
OTU2126,0,10,0,0,0,0
OTU2127,0,10,0,0,0,0
OTU2128,0,10,0,0,0,0
OTU2129,0,10,0,0,0,0
OTU2130,0,10,0,0,0,0
OTU2131,0,10,0,0,0,0
OTU2132,0,10,0,0,0,0
OTU2133,0,10,0,0,0,0
OTU2134,0,10,0,0,0,0
OTU2135,0,7,0,3,0,0
OTU2136,0,7,0,0,0,3
OTU2137,0,4,6,0,0,0
OTU2138,0,3,7,0,0,0
OTU2139,0,0,10,0,0,0
OTU2140,0,0,10,0,0,0
OTU2141,0,0,10,0,0,0
OTU2142,0,0,10,0,0,0
OTU2143,0,0,10,0,0,0
OTU2144,0,0,10,0,0,0
OTU2145,0,0,10,0,0,0
OTU2146,0,0,10,0,0,0
OTU2147,0,0,10,0,0,0
OTU2148,0,0,10,0,0,0
OTU2149,0,0,10,0,0,0
OTU2150,0,0,10,0,0,0
OTU2151,0,0,10,0,0,0
OTU2152,0,0,8,0,0,2
OTU2153,0,0,0,10,0,0
OTU2154,0,0,0,10,0,0
OTU2155,0,0,0,10,0,0
OTU2156,0,0,0,10,0,0
OTU2157,0,0,0,10,0,0
OTU2158,0,0,0,10,0,0
OTU2159,0,0,0,10,0,0
OTU2160,0,0,0,10,0,0
OTU2161,0,0,0,10,0,0
OTU2162,0,0,0,10,0,0
OTU2163,0,0,0,10,0,0
OTU2164,0,0,0,0,10,0
OTU2165,0,0,0,0,10,0
OTU2166,0,0,0,0,10,0
OTU2167,0,0,0,0,10,0
OTU2168,0,0,0,0,10,0
OTU2169,0,0,0,0,10,0
OTU2170,0,0,0,0,10,0
OTU2171,0,0,0,0,10,0
OTU2172,0,0,0,0,10,0
OTU2173,0,0,0,0,10,0
OTU2174,0,0,0,0,10,0
OTU2175,0,0,0,0,10,0
OTU2176,0,0,0,0,10,0
OTU2177,0,0,0,0,10,0
OTU2178,0,0,0,0,10,0
OTU2179,0,0,0,0,10,0
OTU2180,0,0,0,0,10,0
OTU2181,0,0,0,0,8,2
OTU2182,0,0,0,0,0,10
OTU2183,0,0,0,0,0,10
OTU2184,0,0,0,0,0,10
OTU2185,0,0,0,0,0,10
OTU2186,0,0,0,0,0,10
OTU2187,0,0,0,0,0,10
OTU2188,0,0,0,0,0,10
OTU2189,0,0,0,0,0,10
OTU2190,0,0,0,0,0,10
OTU2191,0,0,0,0,0,10
OTU2192,0,0,0,0,0,10
OTU2193,0,0,0,0,0,10
OTU2194,0,0,0,0,0,10
OTU2195,0,0,0,0,0,10
OTU2196,0,0,0,0,0,10
OTU2197,9,0,0,0,0,0
OTU2198,9,0,0,0,0,0
OTU2199,9,0,0,0,0,0
OTU2200,9,0,0,0,0,0
OTU2201,6,0,0,0,3,0
OTU2202,5,4,0,0,0,0
OTU2203,5,0,0,4,0,0
OTU2204,4,5,0,0,0,0
OTU2205,2,0,0,0,7,0
OTU2206,0,9,0,0,0,0
OTU2207,0,9,0,0,0,0
OTU2208,0,9,0,0,0,0
OTU2209,0,9,0,0,0,0
OTU2210,0,9,0,0,0,0
OTU2211,0,9,0,0,0,0
OTU2212,0,9,0,0,0,0
OTU2213,0,9,0,0,0,0
OTU2214,0,9,0,0,0,0
OTU2215,0,9,0,0,0,0
OTU2216,0,9,0,0,0,0
OTU2217,0,9,0,0,0,0
OTU2218,0,9,0,0,0,0
OTU2219,0,9,0,0,0,0
OTU2220,0,9,0,0,0,0
OTU2221,0,9,0,0,0,0
OTU2222,0,9,0,0,0,0
OTU2223,0,9,0,0,0,0
OTU2224,0,9,0,0,0,0
OTU2225,0,5,0,0,4,0
OTU2226,0,5,0,4,0,0
OTU2227,0,3,3,3,0,0
OTU2228,0,3,0,3,0,3
OTU2229,0,0,9,0,0,0
OTU2230,0,0,9,0,0,0
OTU2231,0,0,9,0,0,0
OTU2232,0,0,9,0,0,0
OTU2233,0,0,9,0,0,0
OTU2234,0,0,9,0,0,0
OTU2235,0,0,9,0,0,0
OTU2236,0,0,9,0,0,0
OTU2237,0,0,9,0,0,0
OTU2238,0,0,9,0,0,0
OTU2239,0,0,9,0,0,0
OTU2240,0,0,9,0,0,0
OTU2241,0,0,9,0,0,0
OTU2242,0,0,9,0,0,0
OTU2243,0,0,2,0,7,0
OTU2244,0,0,2,0,0,7
OTU2245,0,0,0,9,0,0
OTU2246,0,0,0,9,0,0
OTU2247,0,0,0,9,0,0
OTU2248,0,0,0,9,0,0
OTU2249,0,0,0,9,0,0
OTU2250,0,0,0,9,0,0
OTU2251,0,0,0,9,0,0
OTU2252,0,0,0,9,0,0
OTU2253,0,0,0,9,0,0
OTU2254,0,0,0,9,0,0
OTU2255,0,0,0,9,0,0
OTU2256,0,0,0,9,0,0
OTU2257,0,0,0,9,0,0
OTU2258,0,0,0,3,4,2
OTU2259,0,0,0,0,9,0
OTU2260,0,0,0,0,9,0
OTU2261,0,0,0,0,9,0
OTU2262,0,0,0,0,9,0
OTU2263,0,0,0,0,9,0
OTU2264,0,0,0,0,9,0
OTU2265,0,0,0,0,9,0
OTU2266,0,0,0,0,9,0
OTU2267,0,0,0,0,9,0
OTU2268,0,0,0,0,9,0
OTU2269,0,0,0,0,9,0
OTU2270,0,0,0,0,9,0
OTU2271,0,0,0,0,9,0
OTU2272,0,0,0,0,6,3
OTU2273,0,0,0,0,2,7
OTU2274,0,0,0,0,0,9
OTU2275,0,0,0,0,0,9
OTU2276,0,0,0,0,0,9
OTU2277,0,0,0,0,0,9
OTU2278,0,0,0,0,0,9
OTU2279,0,0,0,0,0,9
OTU2280,0,0,0,0,0,9
OTU2281,0,0,0,0,0,9
OTU2282,0,0,0,0,0,9
OTU2283,0,0,0,0,0,9
OTU2284,0,0,0,0,0,9
OTU2285,8,0,0,0,0,0
OTU2286,8,0,0,0,0,0
OTU2287,8,0,0,0,0,0
OTU2288,8,0,0,0,0,0
OTU2289,8,0,0,0,0,0
OTU2290,8,0,0,0,0,0
OTU2291,8,0,0,0,0,0
OTU2292,8,0,0,0,0,0
OTU2293,5,3,0,0,0,0
OTU2294,3,0,0,5,0,0
OTU2295,2,0,0,6,0,0
OTU2296,0,8,0,0,0,0
OTU2297,0,8,0,0,0,0
OTU2298,0,8,0,0,0,0
OTU2299,0,8,0,0,0,0
OTU2300,0,8,0,0,0,0
OTU2301,0,8,0,0,0,0
OTU2302,0,8,0,0,0,0
OTU2303,0,8,0,0,0,0
OTU2304,0,8,0,0,0,0
OTU2305,0,8,0,0,0,0
OTU2306,0,8,0,0,0,0
OTU2307,0,8,0,0,0,0
OTU2308,0,8,0,0,0,0
OTU2309,0,8,0,0,0,0
OTU2310,0,8,0,0,0,0
OTU2311,0,8,0,0,0,0
OTU2312,0,8,0,0,0,0
OTU2313,0,8,0,0,0,0
OTU2314,0,5,0,0,3,0
OTU2315,0,5,3,0,0,0
OTU2316,0,5,0,3,0,0
OTU2317,0,4,0,0,0,4
OTU2318,0,0,8,0,0,0
OTU2319,0,0,8,0,0,0
OTU2320,0,0,8,0,0,0
OTU2321,0,0,8,0,0,0
OTU2322,0,0,8,0,0,0
OTU2323,0,0,8,0,0,0
OTU2324,0,0,8,0,0,0
OTU2325,0,0,8,0,0,0
OTU2326,0,0,8,0,0,0
OTU2327,0,0,8,0,0,0
OTU2328,0,0,8,0,0,0
OTU2329,0,0,8,0,0,0
OTU2330,0,0,8,0,0,0
OTU2331,0,0,3,5,0,0
OTU2332,0,0,3,0,0,5
OTU2333,0,0,3,0,0,5
OTU2334,0,0,0,8,0,0
OTU2335,0,0,0,8,0,0
OTU2336,0,0,0,8,0,0
OTU2337,0,0,0,8,0,0
OTU2338,0,0,0,8,0,0
OTU2339,0,0,0,8,0,0
OTU2340,0,0,0,8,0,0
OTU2341,0,0,0,8,0,0
OTU2342,0,0,0,8,0,0
OTU2343,0,0,0,8,0,0
OTU2344,0,0,0,8,0,0
OTU2345,0,0,0,8,0,0
OTU2346,0,0,0,8,0,0
OTU2347,0,0,0,8,0,0
OTU2348,0,0,0,8,0,0
OTU2349,0,0,0,8,0,0
OTU2350,0,0,0,8,0,0
OTU2351,0,0,0,8,0,0
OTU2352,0,0,0,4,4,0
OTU2353,0,0,0,0,8,0
OTU2354,0,0,0,0,8,0
OTU2355,0,0,0,0,8,0
OTU2356,0,0,0,0,8,0
OTU2357,0,0,0,0,8,0
OTU2358,0,0,0,0,8,0
OTU2359,0,0,0,0,8,0
OTU2360,0,0,0,0,8,0
OTU2361,0,0,0,0,8,0
OTU2362,0,0,0,0,8,0
OTU2363,0,0,0,0,0,8
OTU2364,0,0,0,0,0,8
OTU2365,0,0,0,0,0,8
OTU2366,0,0,0,0,0,8
OTU2367,0,0,0,0,0,8
OTU2368,0,0,0,0,0,8
OTU2369,0,0,0,0,0,8
OTU2370,0,0,0,0,0,8
OTU2371,0,0,0,0,0,8
OTU2372,0,0,0,0,0,8
OTU2373,0,0,0,0,0,8
OTU2374,0,0,0,0,0,8
OTU2375,0,0,0,0,0,8
OTU2376,7,0,0,0,0,0
OTU2377,7,0,0,0,0,0
OTU2378,7,0,0,0,0,0
OTU2379,7,0,0,0,0,0
OTU2380,7,0,0,0,0,0
OTU2381,7,0,0,0,0,0
OTU2382,7,0,0,0,0,0
OTU2383,7,0,0,0,0,0
OTU2384,7,0,0,0,0,0
OTU2385,7,0,0,0,0,0
OTU2386,7,0,0,0,0,0
OTU2387,2,0,0,0,5,0
OTU2388,0,7,0,0,0,0
OTU2389,0,7,0,0,0,0
OTU2390,0,7,0,0,0,0
OTU2391,0,7,0,0,0,0
OTU2392,0,7,0,0,0,0
OTU2393,0,7,0,0,0,0
OTU2394,0,7,0,0,0,0
OTU2395,0,7,0,0,0,0
OTU2396,0,7,0,0,0,0
OTU2397,0,7,0,0,0,0
OTU2398,0,7,0,0,0,0
OTU2399,0,7,0,0,0,0
OTU2400,0,7,0,0,0,0
OTU2401,0,7,0,0,0,0
OTU2402,0,7,0,0,0,0
OTU2403,0,7,0,0,0,0
OTU2404,0,7,0,0,0,0
OTU2405,0,7,0,0,0,0
OTU2406,0,7,0,0,0,0
OTU2407,0,4,0,3,0,0
OTU2408,0,3,0,4,0,0
OTU2409,0,3,4,0,0,0
OTU2410,0,2,0,0,5,0
OTU2411,0,0,7,0,0,0
OTU2412,0,0,7,0,0,0
OTU2413,0,0,7,0,0,0
OTU2414,0,0,7,0,0,0
OTU2415,0,0,7,0,0,0
OTU2416,0,0,7,0,0,0
OTU2417,0,0,7,0,0,0
OTU2418,0,0,7,0,0,0
OTU2419,0,0,7,0,0,0
OTU2420,0,0,7,0,0,0
OTU2421,0,0,7,0,0,0
OTU2422,0,0,7,0,0,0
OTU2423,0,0,7,0,0,0
OTU2424,0,0,0,7,0,0
OTU2425,0,0,0,7,0,0
OTU2426,0,0,0,7,0,0
OTU2427,0,0,0,7,0,0
OTU2428,0,0,0,7,0,0
OTU2429,0,0,0,7,0,0
OTU2430,0,0,0,7,0,0
OTU2431,0,0,0,7,0,0
OTU2432,0,0,0,7,0,0
OTU2433,0,0,0,7,0,0
OTU2434,0,0,0,7,0,0
OTU2435,0,0,0,7,0,0
OTU2436,0,0,0,7,0,0
OTU2437,0,0,0,7,0,0
OTU2438,0,0,0,7,0,0
OTU2439,0,0,0,7,0,0
OTU2440,0,0,0,7,0,0
OTU2441,0,0,0,7,0,0
OTU2442,0,0,0,7,0,0
OTU2443,0,0,0,7,0,0
OTU2444,0,0,0,7,0,0
OTU2445,0,0,0,7,0,0
OTU2446,0,0,0,7,0,0
OTU2447,0,0,0,7,0,0
OTU2448,0,0,0,7,0,0
OTU2449,0,0,0,7,0,0
OTU2450,0,0,0,7,0,0
OTU2451,0,0,0,7,0,0
OTU2452,0,0,0,7,0,0
OTU2453,0,0,0,2,0,5
OTU2454,0,0,0,0,7,0
OTU2455,0,0,0,0,7,0
OTU2456,0,0,0,0,7,0
OTU2457,0,0,0,0,7,0
OTU2458,0,0,0,0,7,0
OTU2459,0,0,0,0,7,0
OTU2460,0,0,0,0,7,0
OTU2461,0,0,0,0,7,0
OTU2462,0,0,0,0,7,0
OTU2463,0,0,0,0,7,0
OTU2464,0,0,0,0,7,0
OTU2465,0,0,0,0,7,0
OTU2466,0,0,0,0,7,0
OTU2467,0,0,0,0,7,0
OTU2468,0,0,0,0,7,0
OTU2469,0,0,0,0,7,0
OTU2470,0,0,0,0,0,7
OTU2471,0,0,0,0,0,7
OTU2472,0,0,0,0,0,7
OTU2473,0,0,0,0,0,7
OTU2474,0,0,0,0,0,7
OTU2475,0,0,0,0,0,7
OTU2476,0,0,0,0,0,7
OTU2477,0,0,0,0,0,7
OTU2478,0,0,0,0,0,7
OTU2479,0,0,0,0,0,7
OTU2480,0,0,0,0,0,7
OTU2481,0,0,0,0,0,7
OTU2482,0,0,0,0,0,7
OTU2483,0,0,0,0,0,7
OTU2484,0,0,0,0,0,7
OTU2485,0,0,0,0,0,7
OTU2486,0,0,0,0,0,7
OTU2487,0,0,0,0,0,7
OTU2488,0,0,0,0,0,7
OTU2489,0,0,0,0,0,7
OTU2490,6,0,0,0,0,0
OTU2491,6,0,0,0,0,0
OTU2492,6,0,0,0,0,0
OTU2493,6,0,0,0,0,0
OTU2494,6,0,0,0,0,0
OTU2495,6,0,0,0,0,0
OTU2496,0,6,0,0,0,0
OTU2497,0,6,0,0,0,0
OTU2498,0,6,0,0,0,0
OTU2499,0,6,0,0,0,0
OTU2500,0,6,0,0,0,0
OTU2501,0,6,0,0,0,0
OTU2502,0,6,0,0,0,0
OTU2503,0,6,0,0,0,0
OTU2504,0,6,0,0,0,0
OTU2505,0,6,0,0,0,0
OTU2506,0,6,0,0,0,0
OTU2507,0,6,0,0,0,0
OTU2508,0,6,0,0,0,0
OTU2509,0,6,0,0,0,0
OTU2510,0,6,0,0,0,0
OTU2511,0,6,0,0,0,0
OTU2512,0,6,0,0,0,0
OTU2513,0,4,2,0,0,0
OTU2514,0,3,0,3,0,0
OTU2515,0,3,0,3,0,0
OTU2516,0,0,6,0,0,0
OTU2517,0,0,6,0,0,0
OTU2518,0,0,6,0,0,0
OTU2519,0,0,6,0,0,0
OTU2520,0,0,6,0,0,0
OTU2521,0,0,6,0,0,0
OTU2522,0,0,6,0,0,0
OTU2523,0,0,6,0,0,0
OTU2524,0,0,6,0,0,0
OTU2525,0,0,6,0,0,0
OTU2526,0,0,6,0,0,0
OTU2527,0,0,6,0,0,0
OTU2528,0,0,6,0,0,0
OTU2529,0,0,6,0,0,0
OTU2530,0,0,6,0,0,0
OTU2531,0,0,6,0,0,0
OTU2532,0,0,6,0,0,0
OTU2533,0,0,6,0,0,0
OTU2534,0,0,6,0,0,0
OTU2535,0,0,2,4,0,0
OTU2536,0,0,0,6,0,0
OTU2537,0,0,0,6,0,0
OTU2538,0,0,0,6,0,0
OTU2539,0,0,0,6,0,0
OTU2540,0,0,0,6,0,0
OTU2541,0,0,0,6,0,0
OTU2542,0,0,0,6,0,0
OTU2543,0,0,0,6,0,0
OTU2544,0,0,0,6,0,0
OTU2545,0,0,0,6,0,0
OTU2546,0,0,0,6,0,0
OTU2547,0,0,0,6,0,0
OTU2548,0,0,0,6,0,0
OTU2549,0,0,0,6,0,0
OTU2550,0,0,0,6,0,0
OTU2551,0,0,0,6,0,0
OTU2552,0,0,0,6,0,0
OTU2553,0,0,0,6,0,0
OTU2554,0,0,0,6,0,0
OTU2555,0,0,0,6,0,0
OTU2556,0,0,0,6,0,0
OTU2557,0,0,0,6,0,0
OTU2558,0,0,0,0,6,0
OTU2559,0,0,0,0,6,0
OTU2560,0,0,0,0,6,0
OTU2561,0,0,0,0,6,0
OTU2562,0,0,0,0,6,0
OTU2563,0,0,0,0,6,0
OTU2564,0,0,0,0,6,0
OTU2565,0,0,0,0,6,0
OTU2566,0,0,0,0,6,0
OTU2567,0,0,0,0,6,0
OTU2568,0,0,0,0,6,0
OTU2569,0,0,0,0,6,0
OTU2570,0,0,0,0,6,0
OTU2571,0,0,0,0,6,0
OTU2572,0,0,0,0,6,0
OTU2573,0,0,0,0,6,0
OTU2574,0,0,0,0,6,0
OTU2575,0,0,0,0,6,0
OTU2576,0,0,0,0,6,0
OTU2577,0,0,0,0,3,3
OTU2578,0,0,0,0,0,6
OTU2579,0,0,0,0,0,6
OTU2580,0,0,0,0,0,6
OTU2581,0,0,0,0,0,6
OTU2582,0,0,0,0,0,6
OTU2583,0,0,0,0,0,6
OTU2584,0,0,0,0,0,6
OTU2585,0,0,0,0,0,6
OTU2586,0,0,0,0,0,6
OTU2587,0,0,0,0,0,6
OTU2588,0,0,0,0,0,6
OTU2589,0,0,0,0,0,6
OTU2590,0,0,0,0,0,6
OTU2591,0,0,0,0,0,6
OTU2592,5,0,0,0,0,0
OTU2593,5,0,0,0,0,0
OTU2594,5,0,0,0,0,0
OTU2595,5,0,0,0,0,0
OTU2596,5,0,0,0,0,0
OTU2597,5,0,0,0,0,0
OTU2598,5,0,0,0,0,0
OTU2599,5,0,0,0,0,0
OTU2600,5,0,0,0,0,0
OTU2601,5,0,0,0,0,0
OTU2602,0,5,0,0,0,0
OTU2603,0,5,0,0,0,0
OTU2604,0,5,0,0,0,0
OTU2605,0,5,0,0,0,0
OTU2606,0,5,0,0,0,0
OTU2607,0,5,0,0,0,0
OTU2608,0,5,0,0,0,0
OTU2609,0,5,0,0,0,0
OTU2610,0,5,0,0,0,0
OTU2611,0,5,0,0,0,0
OTU2612,0,5,0,0,0,0
OTU2613,0,5,0,0,0,0
OTU2614,0,5,0,0,0,0
OTU2615,0,5,0,0,0,0
OTU2616,0,5,0,0,0,0
OTU2617,0,5,0,0,0,0
OTU2618,0,5,0,0,0,0
OTU2619,0,2,0,3,0,0
OTU2620,0,0,5,0,0,0
OTU2621,0,0,5,0,0,0
OTU2622,0,0,5,0,0,0
OTU2623,0,0,5,0,0,0
OTU2624,0,0,5,0,0,0
OTU2625,0,0,5,0,0,0
OTU2626,0,0,5,0,0,0
OTU2627,0,0,5,0,0,0
OTU2628,0,0,5,0,0,0
OTU2629,0,0,5,0,0,0
OTU2630,0,0,5,0,0,0
OTU2631,0,0,5,0,0,0
OTU2632,0,0,5,0,0,0
OTU2633,0,0,5,0,0,0
OTU2634,0,0,5,0,0,0
OTU2635,0,0,5,0,0,0
OTU2636,0,0,5,0,0,0
OTU2637,0,0,5,0,0,0
OTU2638,0,0,5,0,0,0
OTU2639,0,0,5,0,0,0
OTU2640,0,0,5,0,0,0
OTU2641,0,0,5,0,0,0
OTU2642,0,0,0,5,0,0
OTU2643,0,0,0,5,0,0
OTU2644,0,0,0,5,0,0
OTU2645,0,0,0,5,0,0
OTU2646,0,0,0,5,0,0
OTU2647,0,0,0,5,0,0
OTU2648,0,0,0,5,0,0
OTU2649,0,0,0,5,0,0
OTU2650,0,0,0,5,0,0
OTU2651,0,0,0,5,0,0
OTU2652,0,0,0,5,0,0
OTU2653,0,0,0,5,0,0
OTU2654,0,0,0,5,0,0
OTU2655,0,0,0,5,0,0
OTU2656,0,0,0,5,0,0
OTU2657,0,0,0,5,0,0
OTU2658,0,0,0,5,0,0
OTU2659,0,0,0,5,0,0
OTU2660,0,0,0,5,0,0
OTU2661,0,0,0,5,0,0
OTU2662,0,0,0,0,5,0
OTU2663,0,0,0,0,5,0
OTU2664,0,0,0,0,5,0
OTU2665,0,0,0,0,5,0
OTU2666,0,0,0,0,5,0
OTU2667,0,0,0,0,5,0
OTU2668,0,0,0,0,5,0
OTU2669,0,0,0,0,5,0
OTU2670,0,0,0,0,5,0
OTU2671,0,0,0,0,5,0
OTU2672,0,0,0,0,5,0
OTU2673,0,0,0,0,5,0
OTU2674,0,0,0,0,5,0
OTU2675,0,0,0,0,5,0
OTU2676,0,0,0,0,5,0
OTU2677,0,0,0,0,5,0
OTU2678,0,0,0,0,5,0
OTU2679,0,0,0,0,5,0
OTU2680,0,0,0,0,5,0
OTU2681,0,0,0,0,5,0
OTU2682,0,0,0,0,5,0
OTU2683,0,0,0,0,5,0
OTU2684,0,0,0,0,0,5
OTU2685,0,0,0,0,0,5
OTU2686,0,0,0,0,0,5
OTU2687,0,0,0,0,0,5
OTU2688,0,0,0,0,0,5
OTU2689,0,0,0,0,0,5
OTU2690,0,0,0,0,0,5
OTU2691,0,0,0,0,0,5
OTU2692,0,0,0,0,0,5
OTU2693,0,0,0,0,0,5
OTU2694,0,0,0,0,0,5
OTU2695,0,0,0,0,0,5
OTU2696,0,0,0,0,0,5
OTU2697,0,0,0,0,0,5
OTU2698,0,0,0,0,0,5
OTU2699,0,0,0,0,0,5
OTU2700,0,0,0,0,0,5
OTU2701,0,0,0,0,0,5
OTU2702,0,0,0,0,0,5
OTU2703,0,0,0,0,0,5
OTU2704,0,0,0,0,0,5
OTU2705,0,0,0,0,0,5
OTU2706,0,0,0,0,0,5
OTU2707,0,0,0,0,0,5
OTU2708,4,0,0,0,0,0
OTU2709,4,0,0,0,0,0
OTU2710,4,0,0,0,0,0
OTU2711,4,0,0,0,0,0
OTU2712,4,0,0,0,0,0
OTU2713,4,0,0,0,0,0
OTU2714,4,0,0,0,0,0
OTU2715,4,0,0,0,0,0
OTU2716,4,0,0,0,0,0
OTU2717,4,0,0,0,0,0
OTU2718,4,0,0,0,0,0
OTU2719,4,0,0,0,0,0
OTU2720,4,0,0,0,0,0
OTU2721,4,0,0,0,0,0
OTU2722,4,0,0,0,0,0
OTU2723,4,0,0,0,0,0
OTU2724,2,0,2,0,0,0
OTU2725,0,4,0,0,0,0
OTU2726,0,4,0,0,0,0
OTU2727,0,4,0,0,0,0
OTU2728,0,4,0,0,0,0
OTU2729,0,4,0,0,0,0
OTU2730,0,4,0,0,0,0
OTU2731,0,4,0,0,0,0
OTU2732,0,4,0,0,0,0
OTU2733,0,4,0,0,0,0
OTU2734,0,4,0,0,0,0
OTU2735,0,4,0,0,0,0
OTU2736,0,4,0,0,0,0
OTU2737,0,4,0,0,0,0
OTU2738,0,4,0,0,0,0
OTU2739,0,4,0,0,0,0
OTU2740,0,4,0,0,0,0
OTU2741,0,0,4,0,0,0
OTU2742,0,0,4,0,0,0
OTU2743,0,0,4,0,0,0
OTU2744,0,0,4,0,0,0
OTU2745,0,0,4,0,0,0
OTU2746,0,0,4,0,0,0
OTU2747,0,0,4,0,0,0
OTU2748,0,0,4,0,0,0
OTU2749,0,0,4,0,0,0
OTU2750,0,0,4,0,0,0
OTU2751,0,0,4,0,0,0
OTU2752,0,0,4,0,0,0
OTU2753,0,0,4,0,0,0
OTU2754,0,0,4,0,0,0
OTU2755,0,0,4,0,0,0
OTU2756,0,0,4,0,0,0
OTU2757,0,0,4,0,0,0
OTU2758,0,0,4,0,0,0
OTU2759,0,0,4,0,0,0
OTU2760,0,0,4,0,0,0
OTU2761,0,0,4,0,0,0
OTU2762,0,0,4,0,0,0
OTU2763,0,0,4,0,0,0
OTU2764,0,0,0,4,0,0
OTU2765,0,0,0,4,0,0
OTU2766,0,0,0,4,0,0
OTU2767,0,0,0,4,0,0
OTU2768,0,0,0,4,0,0
OTU2769,0,0,0,4,0,0
OTU2770,0,0,0,4,0,0
OTU2771,0,0,0,4,0,0
OTU2772,0,0,0,4,0,0
OTU2773,0,0,0,4,0,0
OTU2774,0,0,0,4,0,0
OTU2775,0,0,0,4,0,0
OTU2776,0,0,0,4,0,0
OTU2777,0,0,0,4,0,0
OTU2778,0,0,0,4,0,0
OTU2779,0,0,0,4,0,0
OTU2780,0,0,0,4,0,0
OTU2781,0,0,0,4,0,0
OTU2782,0,0,0,0,4,0
OTU2783,0,0,0,0,4,0
OTU2784,0,0,0,0,4,0
OTU2785,0,0,0,0,4,0
OTU2786,0,0,0,0,4,0
OTU2787,0,0,0,0,4,0
OTU2788,0,0,0,0,4,0
OTU2789,0,0,0,0,4,0
OTU2790,0,0,0,0,4,0
OTU2791,0,0,0,0,4,0
OTU2792,0,0,0,0,4,0
OTU2793,0,0,0,0,4,0
OTU2794,0,0,0,0,4,0
OTU2795,0,0,0,0,4,0
OTU2796,0,0,0,0,4,0
OTU2797,0,0,0,0,4,0
OTU2798,0,0,0,0,4,0
OTU2799,0,0,0,0,4,0
OTU2800,0,0,0,0,4,0
OTU2801,0,0,0,0,4,0
OTU2802,0,0,0,0,4,0
OTU2803,0,0,0,0,4,0
OTU2804,0,0,0,0,0,4
OTU2805,0,0,0,0,0,4
OTU2806,0,0,0,0,0,4
OTU2807,0,0,0,0,0,4
OTU2808,0,0,0,0,0,4
OTU2809,0,0,0,0,0,4
OTU2810,0,0,0,0,0,4
OTU2811,0,0,0,0,0,4
OTU2812,0,0,0,0,0,4
OTU2813,0,0,0,0,0,4
OTU2814,0,0,0,0,0,4
OTU2815,0,0,0,0,0,4
OTU2816,0,0,0,0,0,4
OTU2817,0,0,0,0,0,4
OTU2818,0,0,0,0,0,4
OTU2819,0,0,0,0,0,4
OTU2820,3,0,0,0,0,0
OTU2821,3,0,0,0,0,0
OTU2822,3,0,0,0,0,0
OTU2823,3,0,0,0,0,0
OTU2824,3,0,0,0,0,0
OTU2825,3,0,0,0,0,0
OTU2826,3,0,0,0,0,0
OTU2827,3,0,0,0,0,0
OTU2828,3,0,0,0,0,0
OTU2829,3,0,0,0,0,0
OTU2830,3,0,0,0,0,0
OTU2831,3,0,0,0,0,0
OTU2832,3,0,0,0,0,0
OTU2833,3,0,0,0,0,0
OTU2834,3,0,0,0,0,0
OTU2835,0,3,0,0,0,0
OTU2836,0,3,0,0,0,0
OTU2837,0,3,0,0,0,0
OTU2838,0,3,0,0,0,0
OTU2839,0,3,0,0,0,0
OTU2840,0,3,0,0,0,0
OTU2841,0,3,0,0,0,0
OTU2842,0,3,0,0,0,0
OTU2843,0,3,0,0,0,0
OTU2844,0,3,0,0,0,0
OTU2845,0,3,0,0,0,0
OTU2846,0,3,0,0,0,0
OTU2847,0,3,0,0,0,0
OTU2848,0,3,0,0,0,0
OTU2849,0,3,0,0,0,0
OTU2850,0,0,3,0,0,0
OTU2851,0,0,3,0,0,0
OTU2852,0,0,3,0,0,0
OTU2853,0,0,3,0,0,0
OTU2854,0,0,3,0,0,0
OTU2855,0,0,3,0,0,0
OTU2856,0,0,3,0,0,0
OTU2857,0,0,3,0,0,0
OTU2858,0,0,3,0,0,0
OTU2859,0,0,3,0,0,0
OTU2860,0,0,3,0,0,0
OTU2861,0,0,3,0,0,0
OTU2862,0,0,3,0,0,0
OTU2863,0,0,3,0,0,0
OTU2864,0,0,3,0,0,0
OTU2865,0,0,0,3,0,0
OTU2866,0,0,0,3,0,0
OTU2867,0,0,0,3,0,0
OTU2868,0,0,0,3,0,0
OTU2869,0,0,0,3,0,0
OTU2870,0,0,0,3,0,0
OTU2871,0,0,0,3,0,0
OTU2872,0,0,0,3,0,0
OTU2873,0,0,0,3,0,0
OTU2874,0,0,0,3,0,0
OTU2875,0,0,0,3,0,0
OTU2876,0,0,0,3,0,0
OTU2877,0,0,0,3,0,0
OTU2878,0,0,0,3,0,0
OTU2879,0,0,0,3,0,0
OTU2880,0,0,0,3,0,0
OTU2881,0,0,0,3,0,0
OTU2882,0,0,0,3,0,0
OTU2883,0,0,0,3,0,0
OTU2884,0,0,0,3,0,0
OTU2885,0,0,0,3,0,0
OTU2886,0,0,0,3,0,0
OTU2887,0,0,0,3,0,0
OTU2888,0,0,0,3,0,0
OTU2889,0,0,0,3,0,0
OTU2890,0,0,0,3,0,0
OTU2891,0,0,0,3,0,0
OTU2892,0,0,0,3,0,0
OTU2893,0,0,0,0,3,0
OTU2894,0,0,0,0,3,0
OTU2895,0,0,0,0,3,0
OTU2896,0,0,0,0,3,0
OTU2897,0,0,0,0,3,0
OTU2898,0,0,0,0,3,0
OTU2899,0,0,0,0,3,0
OTU2900,0,0,0,0,3,0
OTU2901,0,0,0,0,3,0
OTU2902,0,0,0,0,3,0
OTU2903,0,0,0,0,3,0
OTU2904,0,0,0,0,3,0
OTU2905,0,0,0,0,3,0
OTU2906,0,0,0,0,3,0
OTU2907,0,0,0,0,3,0
OTU2908,0,0,0,0,3,0
OTU2909,0,0,0,0,3,0
OTU2910,0,0,0,0,3,0
OTU2911,0,0,0,0,3,0
OTU2912,0,0,0,0,0,3
OTU2913,0,0,0,0,0,3
OTU2914,0,0,0,0,0,3
OTU2915,0,0,0,0,0,3
OTU2916,0,0,0,0,0,3
OTU2917,0,0,0,0,0,3
OTU2918,0,0,0,0,0,3
OTU2919,0,0,0,0,0,3
OTU2920,0,0,0,0,0,3
OTU2921,0,0,0,0,0,3
OTU2922,0,0,0,0,0,3
OTU2923,0,0,0,0,0,3
OTU2924,0,0,0,0,0,3
OTU2925,0,0,0,0,0,3
OTU2926,0,0,0,0,0,3
OTU2927,0,0,0,0,0,3
OTU2928,0,0,0,0,0,3
OTU2929,0,0,0,0,0,3
OTU2930,0,0,0,0,0,3
OTU2931,0,0,0,0,0,3
OTU2932,0,0,0,0,0,3
OTU2933,0,0,0,0,0,3
OTU2934,2,0,0,0,0,0
OTU2935,2,0,0,0,0,0
OTU2936,2,0,0,0,0,0
OTU2937,2,0,0,0,0,0
OTU2938,2,0,0,0,0,0
OTU2939,2,0,0,0,0,0
OTU2940,2,0,0,0,0,0
OTU2941,2,0,0,0,0,0
OTU2942,2,0,0,0,0,0
OTU2943,2,0,0,0,0,0
OTU2944,2,0,0,0,0,0
OTU2945,2,0,0,0,0,0
OTU2946,2,0,0,0,0,0
OTU2947,2,0,0,0,0,0
OTU2948,0,2,0,0,0,0
OTU2949,0,2,0,0,0,0
OTU2950,0,2,0,0,0,0
OTU2951,0,2,0,0,0,0
OTU2952,0,2,0,0,0,0
OTU2953,0,2,0,0,0,0
OTU2954,0,2,0,0,0,0
OTU2955,0,2,0,0,0,0
OTU2956,0,2,0,0,0,0
OTU2957,0,2,0,0,0,0
OTU2958,0,2,0,0,0,0
OTU2959,0,2,0,0,0,0
OTU2960,0,2,0,0,0,0
OTU2961,0,2,0,0,0,0
OTU2962,0,2,0,0,0,0
OTU2963,0,0,2,0,0,0
OTU2964,0,0,2,0,0,0
OTU2965,0,0,2,0,0,0
OTU2966,0,0,2,0,0,0
OTU2967,0,0,2,0,0,0
OTU2968,0,0,2,0,0,0
OTU2969,0,0,2,0,0,0
OTU2970,0,0,2,0,0,0
OTU2971,0,0,2,0,0,0
OTU2972,0,0,2,0,0,0
OTU2973,0,0,2,0,0,0
OTU2974,0,0,2,0,0,0
OTU2975,0,0,2,0,0,0
OTU2976,0,0,2,0,0,0
OTU2977,0,0,2,0,0,0
OTU2978,0,0,2,0,0,0
OTU2979,0,0,2,0,0,0
OTU2980,0,0,2,0,0,0
OTU2981,0,0,2,0,0,0
OTU2982,0,0,2,0,0,0
OTU2983,0,0,2,0,0,0
OTU2984,0,0,0,2,0,0
OTU2985,0,0,0,2,0,0
OTU2986,0,0,0,2,0,0
OTU2987,0,0,0,2,0,0
OTU2988,0,0,0,2,0,0
OTU2989,0,0,0,2,0,0
OTU2990,0,0,0,2,0,0
OTU2991,0,0,0,2,0,0
OTU2992,0,0,0,2,0,0
OTU2993,0,0,0,2,0,0
OTU2994,0,0,0,2,0,0
OTU2995,0,0,0,2,0,0
OTU2996,0,0,0,2,0,0
OTU2997,0,0,0,2,0,0
OTU2998,0,0,0,2,0,0
OTU2999,0,0,0,2,0,0
OTU3000,0,0,0,2,0,0
OTU3001,0,0,0,2,0,0
OTU3002,0,0,0,2,0,0
OTU3003,0,0,0,2,0,0
OTU3004,0,0,0,2,0,0
OTU3005,0,0,0,2,0,0
OTU3006,0,0,0,2,0,0
OTU3007,0,0,0,0,2,0
OTU3008,0,0,0,0,2,0
OTU3009,0,0,0,0,2,0
OTU3010,0,0,0,0,2,0
OTU3011,0,0,0,0,2,0
OTU3012,0,0,0,0,2,0
OTU3013,0,0,0,0,2,0
OTU3014,0,0,0,0,2,0
OTU3015,0,0,0,0,2,0
OTU3016,0,0,0,0,2,0
OTU3017,0,0,0,0,2,0
OTU3018,0,0,0,0,2,0
OTU3019,0,0,0,0,2,0
OTU3020,0,0,0,0,2,0
OTU3021,0,0,0,0,2,0
OTU3022,0,0,0,0,2,0
OTU3023,0,0,0,0,2,0
OTU3024,0,0,0,0,2,0
OTU3025,0,0,0,0,0,2
OTU3026,0,0,0,0,0,2
OTU3027,0,0,0,0,0,2
OTU3028,0,0,0,0,0,2
OTU3029,0,0,0,0,0,2
OTU3030,0,0,0,0,0,2
OTU3031,0,0,0,0,0,2
OTU3032,0,0,0,0,0,2
OTU3033,0,0,0,0,0,2
OTU3034,0,0,0,0,0,2
OTU3035,0,0,0,0,0,2
OTU3036,0,0,0,0,0,2
OTU3037,0,0,0,0,0,2
OTU3038,0,0,0,0,0,2
OTU3039,0,0,0,0,0,2
OTU3040,0,0,0,0,0,2
OTU3041,0,0,0,0,0,2
OTU3042,0,0,0,0,0,2
